Alignment ID,1,1,1,1,1,1,1,1,1,1,1,1,1,1,1,1,1,1,1,1,1,1,2,2,2,2,2,2,2,2,2,2,2,2,2,2,2,2,2,2,102,102,102,102,102,102,102,101,101,101,101,101,101,101,101,101,101,103,103,103,103,103,103,103,103,103,103,211,211,212,212,213,213,214,214,215,215,411,411,412,412,413,413,414,414,415,415,421,421,422,422,423,423,424,424,425,425,321,321,322,322,323,323,324,324,325,325,111,111,112,112,113,113,114,114,115,115,121,121,122,122,123,123,124,124,125,125
43,-5.58217,-5.58217,-5.58217,-5.58217,-5.58217,-5.58217,-5.58217,-5.58217,-5.58217,-5.58217,-5.58217,-5.58217,-5.58217,-5.58217,-5.58217,-5.58217,-5.58217,-5.58217,-5.58217,-5.58217,-5.58217,-5.58217,-5.58217,-5.58217,-5.58217,-5.58217,-5.58217,-5.58217,-5.58217,-5.58217,-5.58217,-5.58217,-5.58217,-5.58217,-5.58217,-5.58217,-5.58217,-5.58217,-5.58217,-5.58217,-5.58217,-5.58217,-5.58217,-5.58217,-5.58217,-5.58217,-5.58217,-5.58217,-5.58217,-5.58217,-5.58217,-5.58217,-5.58217,-5.58217,-5.58217,-5.58217,-4.32603,-5.58217,-5.58217,-4.31617,-5.58217,-5.58217,-5.58217,-5.58217,-5.58217,-5.58217,-5.58217,-3.77016,-2.88511,-3.64799,-3.05599,-3.30918,-2.87106,-3.21473,-2.75153,-2.6865,-2.83677,-5.58217,-5.58217,-3.37864,-5.58217,-3.51491,-3.5428,-3.70682,-3.82523,-3.5483,-3.72059,-5.58217,-5.58217,-5.58217,-5.58217,-5.58217,-5.58217,-5.58217,-5.58217,-5.58217,-5.58217,-5.58217,-5.58217,-4.57043,-5.58217,-5.58217,-5.58217,-4.39554,-4.43496,-5.58217,-5.58217,-5.58217,-5.58217,-5.58217,-5.58217,-5.58217,-5.58217,-5.58217,-4.58217,-5.58217,-4.53907,-5.58217,-5.58217,-5.58217,-5.58217,-5.58217,-5.58217,-5.58217,-5.58217,-5.58217,-5.58217
46,-3.95322,-5.72366,-5.72366,-5.72366,-5.72366,-5.72366,-5.72366,-5.72366,-5.72366,-5.72366,-5.72366,-5.72366,-5.72366,-5.72366,-5.72366,-5.72366,-5.72366,-5.72366,-5.72366,-5.72366,-5.72366,-5.72366,-5.72366,-5.72366,-5.72366,-5.72366,-5.72366,-5.72366,-5.72366,-5.72366,-5.72366,-5.72366,-5.72366,-5.72366,-5.72366,-5.72366,-5.72366,-5.72366,-5.72366,-5.72366,-5.72366,-5.72366,-5.72366,-5.72366,-5.72366,-5.72366,-5.72366,-5.72366,-5.72366,-5.72366,-5.72366,-5.72366,-5.72366,-5.72366,-5.72366,-5.72366,-5.72366,-5.72366,-5.72366,-5.72366,-5.72366,-5.72366,-5.72366,-5.72366,-5.72366,-5.72366,-5.72366,-5.72366,-4.02808,-5.72366,-5.72366,-5.72366,-5.72366,-5.72366,-4.72366,-5.72366,-5.72366,-5.72366,-5.72366,-5.72366,-5.72366,-5.72366,-5.72366,-5.72366,-4.66201,-5.72366,-5.72366,-2.57193,-2.38396,-2.5813,-2.56387,-2.83707,-2.63951,-3.07227,-2.68141,-2.61205,-2.68311,-2.35485,-2.261,-2.41339,-2.34428,-2.29674,-2.1191,-2.20333,-2.10457,-5.72366,-2.54464,-5.72366,-5.72366,-5.72366,-5.72366,-5.72366,-5.72366,-5.72366,-5.72366,-5.72366,-5.72366,-5.72366,-5.72366,-4.21644,-5.72366,-5.72366,-5.72366,-5.72366,-5.72366,-3.97771,-5.72366
49,-5.33302,-5.33302,-5.33302,-5.33302,-5.33302,-5.33302,-5.33302,-5.33302,-5.33302,-5.33302,-5.33302,-5.33302,-5.33302,-5.33302,-5.33302,-5.33302,-5.33302,-5.33302,-5.33302,-5.33302,-5.33302,-5.33302,-5.33302,-5.33302,-5.33302,-5.33302,-5.33302,-5.33302,-5.33302,-5.33302,-5.33302,-5.33302,-5.33302,-5.33302,-5.33302,-5.33302,-5.33302,-5.33302,-5.33302,-5.33302,-5.33302,-5.33302,-5.33302,-5.33302,-5.33302,-5.33302,-5.33302,-5.33302,-5.33302,-5.33302,-5.33302,-5.33302,-5.33302,-5.33302,-5.33302,-5.33302,-5.33302,-5.33302,-5.33302,-5.33302,-5.33302,-5.33302,-5.33302,-5.33302,-5.33302,-5.33302,-5.33302,-5.33302,-5.33302,-5.33302,-5.33302,-4.33302,-5.33302,-5.33302,-5.33302,-4.32354,-5.33302,-5.33302,-3.60842,-4.05828,-3.46348,-3.53717,-3.33719,-5.33302,-3.3306,-5.33302,-3.48543,-5.33302,-5.33302,-5.33302,-5.33302,-5.33302,-5.33302,-5.33302,-5.33302,-5.33302,-5.33302,-5.33302,-5.33302,-4.19503,-5.33302,-5.33302,-5.33302,-5.33302,-5.33302,-5.33302,-5.33302,-3.10724,-2.00619,-3.38065,-2.82449,-3.21503,-2.77285,-3.56859,-2.88152,-3.48212,-3.11525,-3.43327,-3.67581,-2.62498,-3.39011,-3.01836,-3.74001,-3.12599,-3.36664,-3.05281,-3.15573
122,-5.62931,-3.48273,-5.62931,-5.62931,-5.62931,-5.62931,-5.62931,-5.62931,-5.62931,-5.62931,-5.62931,-5.62931,-5.62931,-5.62931,-5.62931,-5.62931,-5.62931,-5.62931,-5.62931,-5.62931,-5.62931,-5.62931,-5.62931,-5.62931,-5.62931,-5.62931,-5.62931,-5.62931,-5.62931,-5.62931,-5.62931,-5.62931,-5.62931,-5.62931,-5.62931,-5.62931,-5.62931,-5.62931,-5.62931,-5.62931,-5.62931,-5.62931,-5.62931,-5.62931,-5.62931,-5.62931,-3.81254,-5.62931,-5.62931,-5.62931,-5.62931,-5.62931,-5.62931,-5.62931,-5.62931,-4.36643,-5.62931,-5.62931,-5.62931,-5.62931,-5.62931,-5.62931,-5.62931,-5.62931,-5.62931,-5.62931,-5.62931,-2.46432,-1.63307,-2.10608,-1.92939,-1.95983,-1.8834,-1.87232,-1.79608,-1.65986,-1.8036,-2.40525,-2.46538,-2.13623,-2.40151,-2.24745,-2.30112,-2.30248,-2.33629,-2.29679,-2.32448,-5.62931,-5.62931,-5.62931,-5.62931,-5.62931,-5.62931,-5.62931,-5.62931,-5.62931,-5.62931,-5.62931,-5.62931,-5.62931,-5.62931,-5.62931,-4.12303,-3.90344,-3.26159,-5.62931,-5.62931,-3.51769,-3.22789,-5.62931,-3.12391,-5.62931,-3.20653,-3.36891,-3.01154,-3.35729,-2.80364,-5.62931,-5.62931,-5.62931,-5.62931,-5.62931,-5.62931,-4.51592,-5.62931,-5.62931,-4.62931
130,-5.68803,-5.68803,-5.68803,-5.68803,-5.68803,-5.68803,-5.68803,-5.68803,-5.68803,-5.68803,-5.68803,-5.68803,-5.68803,-5.68803,-5.68803,-5.68803,-5.68803,-5.68803,-5.68803,-5.68803,-5.68803,-5.68803,-5.68803,-5.68803,-5.68803,-5.68803,-5.68803,-5.68803,-5.68803,-5.68803,-5.68803,-5.68803,-5.68803,-5.68803,-5.68803,-5.68803,-5.68803,-5.68803,-5.68803,-5.68803,-3.94717,-5.68803,-5.68803,-5.68803,-4.19499,-5.68803,-5.68803,-5.68803,-5.68803,-5.68803,-5.68803,-5.68803,-5.68803,-5.68803,-5.68803,-5.68803,-5.68803,-5.68803,-5.68803,-5.68803,-5.68803,-5.68803,-5.68803,-5.68803,-5.68803,-5.68803,-5.68803,-5.68803,-5.68803,-5.68803,-5.68803,-5.68803,-5.68803,-5.68803,-5.68803,-5.68803,-5.68803,-3.07568,-3.3966,-4.00312,-3.27933,-3.75396,-3.98071,-5.68803,-4.07274,-5.68803,-5.68803,-4.62165,-5.68803,-5.68803,-5.68803,-5.68803,-5.68803,-5.68803,-5.68803,-5.68803,-5.68803,-5.68803,-5.68803,-5.68803,-5.68803,-5.68803,-5.68803,-5.68803,-5.68803,-5.68803,-5.68803,-2.2556,-2.51259,-3.51649,-3.41761,-3.51561,-3.22681,-5.68803,-3.41734,-4.68803,-3.94481,-2.73559,-3.03496,-3.30042,-2.82154,-2.44808,-2.78259,-2.53939,-2.86688,-3.0372,-2.98923
134,-5.41839,-5.41839,-5.41839,-5.41839,-5.41839,-5.41839,-5.41839,-5.41839,-5.41839,-5.41839,-5.41839,-5.41839,-5.41839,-5.41839,-5.41839,-5.41839,-5.41839,-5.41839,-5.41839,-5.41839,-5.41839,-5.41839,-5.41839,-5.41839,-5.41839,-5.41839,-5.41839,-5.41839,-5.41839,-5.41839,-5.41839,-5.41839,-5.41839,-5.41839,-5.41839,-5.41839,-5.41839,-5.41839,-5.41839,-5.41839,-5.41839,-5.41839,-5.41839,-5.41839,-5.41839,-5.41839,-5.41839,-5.41839,-5.41839,-5.41839,-5.41839,-5.41839,-5.41839,-5.41839,-5.41839,-5.41839,-5.41839,-5.41839,-5.41839,-5.41839,-5.41839,-4.2333,-5.41839,-5.41839,-5.41839,-5.41839,-5.41839,-5.41839,-5.41839,-5.41839,-5.41839,-5.41839,-5.41839,-5.41839,-5.41839,-5.41839,-5.41839,-5.41839,-2.68029,-3.9574,-4.14281,-3.39228,-3.23507,-3.55086,-3.40806,-4.05087,-3.9559,-5.41839,-5.41839,-5.41839,-5.41839,-5.41839,-5.41839,-5.41839,-5.41839,-5.41839,-5.41839,-5.41839,-5.41839,-5.41839,-5.41839,-5.41839,-5.41839,-5.41839,-5.41839,-4.20895,-5.41839,-3.43169,-2.42508,-3.16817,-3.34335,-3.82279,-2.78523,-3.41495,-3.10042,-3.88704,-3.50128,-4.0358,-3.88778,-3.391,-2.82154,-3.29328,-4.41839,-3.54296,-3.72006,-3.46839,-3.96727
137,-5.20121,-5.20121,-5.20121,-5.20121,-5.20121,-5.20121,-5.20121,-5.20121,-5.20121,-5.20121,-5.20121,-5.20121,-5.20121,-5.20121,-5.20121,-5.20121,-5.20121,-5.20121,-5.20121,-5.20121,-5.20121,-5.20121,-5.20121,-5.20121,-5.20121,-5.20121,-5.20121,-5.20121,-5.20121,-5.20121,-5.20121,-5.20121,-5.20121,-5.20121,-5.20121,-5.20121,-5.20121,-5.20121,-5.20121,-5.20121,-5.20121,-5.20121,-5.20121,-5.20121,-5.20121,-4.20121,-5.20121,-3.17326,-3.8303,-5.20121,-5.20121,-5.20121,-4.13225,-5.20121,-5.20121,-5.20121,-5.20121,-5.20121,-5.20121,-5.20121,-5.20121,-5.20121,-5.20121,-5.20121,-5.20121,-5.20121,-5.20121,-5.20121,-5.20121,-5.20121,-5.20121,-5.20121,-5.20121,-5.20121,-5.20121,-5.20121,-5.20121,-2.73944,-2.83501,-3.13835,-2.26541,-3.22534,-2.93087,-3.23875,-3.06382,-3.51193,-3.06697,-3.03375,-5.20121,-2.60445,-5.20121,-3.28823,-5.20121,-3.00642,-3.27268,-3.1798,-3.3254,-5.20121,-5.20121,-5.20121,-5.20121,-5.20121,-5.20121,-5.20121,-5.20121,-5.20121,-5.20121,-2.02061,-0.89409,-2.16555,-1.72622,-2.13456,-2.33948,-3.04082,-2.67938,-2.99472,-2.96276,-2.3906,-2.30464,-1.59403,-2.27481,-1.96166,-2.56469,-2.03124,-2.15458,-1.86404,-2.07285
172,-5.47058,-5.47058,-5.47058,-5.47058,-5.47058,-5.47058,-5.47058,-5.47058,-5.47058,-5.47058,-5.47058,-5.47058,-5.47058,-5.47058,-5.47058,-5.47058,-5.47058,-5.47058,-5.47058,-5.47058,-5.47058,-5.47058,-5.47058,-5.47058,-5.47058,-5.47058,-5.47058,-5.47058,-5.47058,-5.47058,-5.47058,-5.47058,-5.47058,-5.47058,-5.47058,-5.47058,-5.47058,-5.47058,-5.47058,-5.47058,-5.47058,-5.47058,-5.47058,-5.47058,-5.47058,-5.47058,-5.47058,-5.47058,-5.47058,-5.47058,-5.47058,-5.47058,-5.47058,-5.47058,-5.47058,-5.47058,-5.47058,-5.47058,-5.47058,-5.47058,-4.23427,-5.47058,-5.47058,-5.47058,-5.47058,-5.47058,-5.47058,-5.47058,-5.47058,-5.47058,-5.47058,-5.47058,-5.47058,-5.47058,-5.47058,-5.47058,-5.47058,-5.47058,-4.2903,-4.28834,-3.464,-4.24148,-4.33673,-5.47058,-3.97176,-5.47058,-5.47058,-5.47058,-5.47058,-5.47058,-5.47058,-5.47058,-5.47058,-5.47058,-5.47058,-5.47058,-5.47058,-5.47058,-5.47058,-5.47058,-5.47058,-5.47058,-5.47058,-5.47058,-5.47058,-5.47058,-5.47058,-3.73494,-2.52808,-4.06305,-3.24539,-3.15091,-3.84486,-4.1157,-3.32623,-4.47058,-3.87654,-3.4596,-3.54921,-2.6257,-4.41863,-2.99976,-4.36631,-3.05203,-3.22198,-2.92469,-3.14143
200,-6.49866,-6.49866,-6.49866,-6.49866,-6.49866,-6.49866,-6.49866,-6.49866,-6.49866,-6.49866,-6.49866,-6.49866,-6.49866,-6.49866,-6.49866,-6.49866,-6.49866,-6.49866,-6.49866,-6.49866,-6.49866,-6.49866,-6.49866,-6.49866,-6.49866,-6.49866,-6.49866,-6.49866,-6.49866,-6.49866,-6.49866,-6.49866,-6.49866,-6.49866,-6.49866,-6.49866,-6.49866,-6.49866,-6.49866,-6.49866,-6.49866,-6.49866,-6.49866,-6.49866,-6.49866,-6.49866,-6.49866,-6.49866,-6.49866,-6.49866,-6.49866,-6.49866,-6.49866,-6.49866,-6.49866,-6.49866,-6.49866,-6.49866,-6.49866,-6.49866,-6.49866,-6.49866,-6.49866,-6.49866,-6.49866,-6.49866,-6.49866,-6.49866,-2.82447,-3.53286,-3.01034,-3.42937,-2.7276,-3.02981,-2.6714,-2.45346,-2.6581,-6.49866,-4.09777,-3.58155,-4.03504,-3.46613,-3.59562,-3.60901,-3.76069,-3.78545,-3.80295,-6.49866,-4.94966,-5.49866,-6.49866,-6.49866,-6.49866,-6.49866,-6.49866,-4.0858,-6.49866,-6.49866,-6.49866,-6.49866,-6.49866,-6.49866,-4.49119,-6.49866,-6.49866,-6.49866,-6.49866,-6.49866,-6.49866,-6.49866,-6.49866,-6.49866,-6.49866,-6.49866,-6.49866,-6.49866,-6.49866,-6.49866,-6.49866,-6.49866,-6.49866,-6.49866,-6.49866,-6.49866,-6.49866,-4.4098,-6.49866
202,-5.89279,-5.89279,-5.89279,-5.89279,-5.89279,-5.89279,-5.89279,-5.89279,-5.89279,-5.89279,-5.89279,-5.89279,-5.89279,-5.89279,-5.89279,-5.89279,-5.89279,-5.89279,-5.89279,-5.89279,-5.89279,-5.89279,-5.89279,-5.89279,-5.89279,-5.89279,-5.89279,-5.89279,-5.89279,-5.89279,-5.89279,-5.89279,-5.89279,-5.89279,-5.89279,-5.89279,-5.89279,-5.89279,-5.89279,-5.89279,-5.89279,-5.89279,-5.89279,-5.89279,-5.89279,-5.89279,-5.89279,-5.89279,-5.89279,-5.89279,-5.89279,-5.89279,-5.89279,-5.89279,-5.89279,-5.89279,-5.89279,-5.89279,-5.89279,-5.89279,-5.89279,-5.89279,-5.89279,-5.89279,-5.89279,-5.89279,-5.89279,-5.89279,-5.89279,-5.89279,-5.89279,-5.89279,-4.45518,-5.89279,-4.50906,-5.89279,-5.89279,-5.89279,-5.89279,-5.89279,-4.35878,-5.89279,-5.89279,-4.89279,-4.89273,-5.89279,-5.89279,-2.29204,-2.18671,-2.38034,-2.34716,-2.57486,-2.42805,-2.74337,-2.46153,-2.49377,-2.38117,-2.05275,-2.05854,-2.14746,-2.09561,-2.04971,-1.8867,-1.96423,-1.88205,-5.89279,-2.24276,-5.89279,-5.89279,-5.89279,-5.89279,-5.89279,-5.89279,-5.89279,-5.89279,-5.89279,-5.89279,-5.89279,-5.89279,-5.89279,-5.89279,-5.89279,-5.89279,-5.89279,-5.89279,-4.43556,-5.89279
204,-6.46711,-6.46711,-6.46711,-6.46711,-6.46711,-6.46711,-6.46711,-6.46711,-6.46711,-6.46711,-6.46711,-6.46711,-6.46711,-6.46711,-6.46711,-6.46711,-6.46711,-6.46711,-6.46711,-6.46711,-6.46711,-6.46711,-6.46711,-6.46711,-6.46711,-6.46711,-6.46711,-6.46711,-6.46711,-6.46711,-6.46711,-6.46711,-6.46711,-6.46711,-6.46711,-6.46711,-6.46711,-6.46711,-6.46711,-6.46711,-6.46711,-6.46711,-6.46711,-6.46711,-6.46711,-6.46711,-6.46711,-6.46711,-6.46711,-6.46711,-6.46711,-6.46711,-6.46711,-6.46711,-6.46711,-6.46711,-6.46711,-6.46711,-6.46711,-6.46711,-6.46711,-6.46711,-6.46711,-6.46711,-6.46711,-6.46711,-6.46711,-2.72791,-1.69339,-2.36536,-1.97716,-2.16896,-1.75054,-1.95469,-1.61157,-1.46571,-1.62418,-2.72324,-2.82759,-2.32823,-2.71871,-2.29388,-2.41499,-2.50281,-2.48789,-2.58645,-2.55617,-6.46711,-6.46711,-6.46711,-6.46711,-6.46711,-6.46711,-6.46711,-6.46711,-6.46711,-6.46711,-6.46711,-6.46711,-6.46711,-6.46711,-6.46711,-6.46711,-6.46711,-6.46711,-6.46711,-6.46711,-4.00441,-4.48661,-6.46711,-3.91823,-4.5488,-3.7861,-6.46711,-3.44731,-3.95353,-3.32472,-6.46711,-6.46711,-6.46711,-6.46711,-6.46711,-4.8818,-5.46711,-6.46711,-6.46711,-6.46711
211,-5.16122,-5.16122,-5.16122,-5.16122,-5.16122,-5.16122,-5.16122,-5.16122,-5.16122,-5.16122,-5.16122,-5.16122,-5.16122,-5.16122,-5.16122,-5.16122,-5.16122,-5.16122,-5.16122,-5.16122,-5.16122,-5.16122,-5.16122,-5.16122,-5.16122,-5.16122,-5.16122,-5.16122,-5.16122,-5.16122,-5.16122,-5.16122,-5.16122,-5.16122,-5.16122,-5.16122,-5.16122,-5.16122,-5.16122,-5.16122,-5.16122,-5.16122,-5.16122,-5.16122,-5.16122,-5.16122,-5.16122,-5.16122,-5.16122,-5.16122,-5.16122,-5.16122,-5.16122,-5.16122,-5.16122,-5.16122,-5.16122,-5.16122,-5.16122,-5.16122,-5.16122,-5.16122,-5.16122,-5.16122,-5.16122,-5.16122,-5.16122,-5.16122,-5.16122,-5.16122,-5.16122,-5.16122,-5.16122,-5.16122,-5.16122,-5.16122,-5.16122,-5.16122,-5.16122,-5.16122,-5.16122,-5.16122,-5.16122,-5.16122,-5.16122,-5.16122,-5.16122,-2.98487,-2.80592,-3.18895,-3.14548,-4.05958,-3.41521,-4.10258,-5.16122,-3.73121,-3.79378,-5.16122,-4.02901,-3.94538,-4.16122,-3.44175,-3.68969,-5.16122,-3.53282,-3.17204,-3.3238,-5.16122,-5.16122,-5.16122,-5.16122,-5.16122,-5.16122,-5.16122,-5.16122,-5.16122,-5.16122,-5.16122,-5.16122,-5.16122,-5.16122,-5.16122,-5.16122,-5.16122,-5.16122,-5.16122,-5.16122
214,-5.7688,-5.7688,-3.59018,-5.7688,-5.7688,-5.7688,-5.7688,-5.7688,-5.7688,-5.7688,-5.7688,-5.7688,-5.7688,-5.7688,-5.7688,-5.7688,-5.7688,-5.7688,-5.7688,-5.7688,-5.7688,-5.7688,-5.7688,-5.7688,-5.7688,-5.7688,-5.7688,-5.7688,-5.7688,-5.7688,-5.7688,-5.7688,-5.7688,-5.7688,-5.7688,-5.7688,-5.7688,-5.7688,-5.7688,-5.7688,-5.7688,-5.7688,-5.7688,-5.7688,-5.7688,-5.7688,-5.7688,-5.7688,-5.7688,-5.7688,-5.7688,-5.7688,-5.7688,-5.7688,-5.7688,-5.7688,-5.7688,-5.7688,-5.7688,-5.7688,-5.7688,-5.7688,-5.7688,-5.7688,-5.7688,-5.7688,-5.7688,-5.7688,-5.7688,-5.7688,-5.7688,-5.7688,-5.7688,-5.7688,-5.7688,-5.7688,-5.7688,-5.7688,-5.7688,-5.7688,-5.7688,-5.7688,-5.7688,-5.7688,-5.7688,-5.7688,-5.7688,-2.18115,-1.92683,-2.14554,-2.14667,-2.69132,-2.37285,-3.04462,-2.57506,-2.84872,-2.91295,-2.60033,-2.07716,-2.49551,-1.92747,-2.18191,-1.73533,-2.09936,-1.86656,-1.8226,-1.91065,-5.7688,-4.7688,-5.7688,-5.7688,-5.7688,-5.7688,-5.7688,-5.7688,-5.7688,-5.7688,-4.19973,-3.80907,-5.7688,-3.77309,-4.53053,-4.5235,-5.7688,-5.7688,-5.7688,-5.7688
234,-5.46108,-5.46108,-5.46108,-5.46108,-5.46108,-5.46108,-5.46108,-5.46108,-5.46108,-5.46108,-5.46108,-5.46108,-5.46108,-5.46108,-5.46108,-5.46108,-5.46108,-5.46108,-5.46108,-5.46108,-5.46108,-5.46108,-5.46108,-5.46108,-5.46108,-5.46108,-5.46108,-5.46108,-5.46108,-5.46108,-5.46108,-5.46108,-5.46108,-5.46108,-5.46108,-5.46108,-5.46108,-5.46108,-5.46108,-5.46108,-5.46108,-5.46108,-5.46108,-5.46108,-5.46108,-5.46108,-5.46108,-5.46108,-5.46108,-5.46108,-5.46108,-5.46108,-5.46108,-5.46108,-5.46108,-5.46108,-5.46108,-5.46108,-5.46108,-5.46108,-5.46108,-5.46108,-5.46108,-5.46108,-5.46108,-5.46108,-5.46108,-2.8972,-1.73041,-2.37663,-1.95482,-2.20172,-1.6871,-1.92303,-1.57344,-1.40798,-1.5543,-2.86203,-2.9477,-2.34073,-2.92448,-2.3306,-2.38452,-2.54183,-2.53741,-2.53293,-2.54224,-5.46108,-5.46108,-5.46108,-5.46108,-5.46108,-5.46108,-5.46108,-5.46108,-5.46108,-5.46108,-5.46108,-5.46108,-5.46108,-5.46108,-5.46108,-5.46108,-5.46108,-5.46108,-5.46108,-5.46108,-5.46108,-5.46108,-5.46108,-4.19469,-5.46108,-4.21909,-5.46108,-3.67481,-4.46108,-3.41857,-5.46108,-5.46108,-5.46108,-5.46108,-5.46108,-5.46108,-5.46108,-5.46108,-5.46108,-5.46108
240,-5.70287,-5.70287,-5.70287,-5.70287,-5.70287,-5.70287,-5.70287,-5.70287,-5.70287,-5.70287,-5.70287,-5.70287,-5.70287,-5.70287,-5.70287,-5.70287,-5.70287,-5.70287,-5.70287,-5.70287,-5.70287,-5.70287,-5.70287,-5.70287,-5.70287,-5.70287,-5.70287,-5.70287,-5.70287,-5.70287,-5.70287,-5.70287,-5.70287,-5.70287,-5.70287,-5.70287,-5.70287,-5.70287,-5.70287,-5.70287,-5.70287,-5.70287,-5.70287,-5.70287,-5.70287,-5.70287,-5.70287,-5.70287,-5.70287,-5.70287,-5.70287,-5.70287,-5.70287,-5.70287,-5.70287,-5.70287,-5.70287,-5.70287,-5.70287,-5.70287,-5.70287,-5.70287,-5.70287,-5.70287,-5.70287,-5.70287,-5.70287,-5.70287,-5.70287,-5.70287,-5.70287,-5.70287,-5.70287,-5.70287,-5.70287,-5.70287,-5.70287,-5.70287,-5.70287,-5.70287,-5.70287,-5.70287,-5.70287,-5.70287,-5.70287,-5.70287,-5.70287,-2.97207,-2.63141,-3.14417,-3.01247,-3.83819,-3.75515,-2.86151,-3.87094,-5.70287,-4.15292,-3.88329,-2.93562,-4.22159,-2.69526,-3.00084,-2.65515,-2.92227,-2.68527,-2.13254,-2.73993,-5.70287,-5.70287,-5.70287,-5.70287,-5.70287,-5.70287,-5.70287,-5.70287,-5.70287,-5.70287,-4.70287,-5.70287,-5.70287,-4.3987,-5.70287,-5.70287,-5.70287,-5.70287,-5.70287,-5.70287
245,-5.71534,-5.71534,-5.71534,-5.71534,-5.71534,-5.71534,-5.71534,-5.71534,-5.71534,-5.71534,-5.71534,-5.71534,-5.71534,-5.71534,-5.71534,-5.71534,-5.71534,-5.71534,-5.71534,-5.71534,-5.71534,-5.71534,-5.71534,-5.71534,-5.71534,-5.71534,-5.71534,-5.71534,-5.71534,-5.71534,-5.71534,-5.71534,-5.71534,-5.71534,-5.71534,-5.71534,-5.71534,-5.71534,-5.71534,-5.71534,-5.71534,-5.71534,-5.71534,-5.71534,-5.71534,-5.71534,-5.71534,-5.71534,-5.71534,-5.71534,-5.71534,-5.71534,-5.71534,-5.71534,-5.71534,-5.71534,-5.71534,-5.71534,-5.71534,-5.71534,-5.71534,-5.71534,-5.71534,-5.71534,-5.71534,-5.71534,-3.74304,-4.15877,-3.35516,-5.71534,-5.71534,-4.15183,-3.22537,-5.71534,-3.4201,-3.19593,-3.45698,-4.04457,-4.0009,-4.36071,-4.21586,-5.71534,-4.71534,-5.71534,-4.55569,-4.54436,-4.11333,-1.40086,-1.26497,-1.45636,-1.43137,-1.75641,-1.5264,-1.7009,-1.59741,-1.64256,-1.61538,-1.17085,-1.1463,-1.21748,-1.14907,-1.15753,-0.94192,-1.04694,-0.95201,-1.30481,-1.38875,-5.71534,-5.71534,-5.71534,-5.71534,-5.71534,-5.71534,-5.71534,-5.71534,-5.71534,-5.71534,-3.36254,-5.71534,-5.71534,-3.27203,-5.71534,-5.71534,-5.71534,-5.71534,-3.50221,-3.3044
288,-3.89473,-5.53205,-5.53205,-5.53205,-5.53205,-5.53205,-5.53205,-5.53205,-5.53205,-5.53205,-5.53205,-5.53205,-5.53205,-5.53205,-5.53205,-5.53205,-5.53205,-5.53205,-5.53205,-5.53205,-5.53205,-5.53205,-5.53205,-5.53205,-5.53205,-5.53205,-5.53205,-5.53205,-5.53205,-5.53205,-5.53205,-5.53205,-5.53205,-5.53205,-5.53205,-5.53205,-5.53205,-5.53205,-5.53205,-5.53205,-5.53205,-5.53205,-5.53205,-5.53205,-5.53205,-5.53205,-5.53205,-4.1738,-5.53205,-5.53205,-5.53205,-5.53205,-5.53205,-5.53205,-5.53205,-5.53205,-5.53205,-5.53205,-5.53205,-5.53205,-5.53205,-5.53205,-5.53205,-5.53205,-5.53205,-5.53205,-5.53205,-3.90517,-2.64102,-3.21443,-2.96103,-3.12408,-2.78238,-2.92761,-2.7402,-2.67793,-2.71624,-3.94703,-3.88908,-3.24193,-3.662,-3.38557,-3.45552,-3.44182,-3.56197,-3.67338,-3.4458,-5.53205,-5.53205,-5.53205,-5.53205,-5.53205,-5.53205,-5.53205,-5.53205,-5.53205,-5.53205,-5.53205,-5.53205,-5.53205,-5.53205,-5.53205,-5.53205,-5.53205,-5.53205,-5.53205,-5.53205,-5.53205,-5.53205,-5.53205,-5.53205,-5.53205,-5.53205,-5.53205,-5.53205,-5.53205,-4.53205,-5.53205,-5.53205,-5.53205,-5.53205,-5.53205,-5.53205,-5.53205,-5.53205,-5.53205,-5.53205
290,-5.68804,-5.68804,-5.68804,-5.68804,-5.68804,-5.68804,-5.68804,-5.68804,-5.68804,-5.68804,-5.68804,-5.68804,-5.68804,-5.68804,-5.68804,-5.68804,-5.68804,-5.68804,-5.68804,-5.68804,-5.68804,-5.68804,-5.68804,-5.68804,-5.68804,-5.68804,-5.68804,-5.68804,-5.68804,-5.68804,-5.68804,-5.68804,-5.68804,-5.68804,-5.68804,-5.68804,-5.68804,-5.68804,-5.68804,-5.68804,-5.68804,-5.68804,-5.68804,-5.68804,-5.68804,-5.68804,-5.68804,-5.68804,-5.68804,-5.68804,-5.68804,-5.68804,-5.68804,-5.68804,-5.68804,-5.68804,-5.68804,-5.68804,-5.68804,-5.68804,-5.68804,-5.68804,-5.68804,-5.68804,-5.68804,-5.68804,-5.68804,-5.68804,-5.68804,-5.68804,-4.68804,-5.68804,-5.68804,-5.68804,-5.68804,-5.68804,-5.68804,-5.68804,-5.68804,-5.68804,-5.68804,-5.68804,-5.68804,-5.68804,-4.62726,-5.68804,-5.68804,-2.66672,-2.47974,-2.61163,-2.68375,-2.93201,-2.71618,-3.13627,-2.77589,-2.97988,-2.98814,-2.45743,-2.37875,-2.55343,-2.46973,-2.46123,-2.30636,-2.45334,-2.27638,-5.68804,-2.79382,-5.68804,-5.68804,-5.68804,-5.68804,-5.68804,-5.68804,-5.68804,-5.68804,-5.68804,-5.68804,-5.68804,-5.68804,-5.68804,-5.68804,-5.68804,-5.68804,-5.68804,-5.68804,-5.68804,-5.68804
294,-5.08898,-5.08898,-5.08898,-5.08898,-3.5877,-3.4547,-5.08898,-5.08898,-5.08898,-5.08898,-5.08898,-5.08898,-5.08898,-5.08898,-5.08898,-5.08898,-5.08898,-5.08898,-5.08898,-5.08898,-5.08898,-5.08898,-5.08898,-5.08898,-5.08898,-5.08898,-5.08898,-5.08898,-5.08898,-5.08898,-5.08898,-5.08898,-5.08898,-5.08898,-5.08898,-5.08898,-5.08898,-5.08898,-5.08898,-5.08898,-5.08898,-5.08898,-5.08898,-5.08898,-5.08898,-5.08898,-5.08898,-5.08898,-5.08898,-5.08898,-5.08898,-5.08898,-5.08898,-5.08898,-5.08898,-5.08898,-5.08898,-5.08898,-5.08898,-5.08898,-5.08898,-5.08898,-5.08898,-5.08898,-5.08898,-5.08898,-5.08898,-3.41793,-2.38221,-2.91116,-2.69036,-2.81144,-2.60372,-2.63274,-2.51292,-2.37782,-2.50967,-3.32351,-3.4554,-2.93764,-3.49699,-3.08312,-3.15853,-3.25165,-3.15001,-3.17249,-3.23488,-5.08898,-5.08898,-5.08898,-5.08898,-5.08898,-5.08898,-5.08898,-5.08898,-5.08898,-5.08898,-5.08898,-5.08898,-5.08898,-5.08898,-5.08898,-5.08898,-5.08898,-5.08898,-5.08898,-5.08898,-5.08898,-5.08898,-5.08898,-5.08898,-5.08898,-5.08898,-5.08898,-5.08898,-5.08898,-4.08898,-5.08898,-5.08898,-5.08898,-5.08898,-5.08898,-5.08898,-5.08898,-5.08898,-5.08898,-5.08898
297,-6.57806,-6.57806,-6.57806,-6.57806,-6.57806,-6.57806,-6.57806,-6.57806,-6.57806,-6.57806,-6.57806,-6.57806,-6.57806,-6.57806,-6.57806,-6.57806,-6.57806,-6.57806,-6.57806,-6.57806,-6.57806,-6.57806,-6.57806,-6.57806,-6.57806,-6.57806,-6.57806,-6.57806,-6.57806,-6.57806,-6.57806,-6.57806,-6.57806,-6.57806,-6.57806,-6.57806,-6.57806,-6.57806,-6.57806,-6.57806,-6.57806,-6.57806,-6.57806,-6.57806,-6.57806,-6.57806,-6.57806,-6.57806,-6.57806,-6.57806,-6.57806,-6.57806,-6.57806,-6.57806,-6.57806,-6.57806,-6.57806,-6.57806,-6.57806,-6.57806,-6.57806,-6.57806,-6.57806,-6.57806,-6.57806,-6.57806,-6.57806,-6.57806,-3.84319,-4.15755,-6.57806,-6.57806,-4.07757,-6.57806,-4.67899,-3.98462,-4.25858,-6.57806,-6.57806,-3.99783,-6.57806,-4.90208,-6.57806,-5.57806,-6.57806,-6.57806,-6.57806,-2.39339,-2.21695,-2.32275,-2.38592,-2.54729,-2.3712,-2.81503,-2.38875,-2.57537,-2.579,-2.06451,-2.11706,-2.23061,-2.3047,-2.23665,-2.02263,-2.09007,-2.06469,-2.4722,-2.57016,-6.57806,-6.57806,-6.57806,-4.59341,-6.57806,-6.57806,-6.57806,-6.57806,-6.57806,-6.57806,-6.57806,-6.57806,-6.57806,-6.57806,-6.57806,-6.57806,-6.57806,-6.57806,-6.57806,-6.57806
338,-5.61629,-3.5532,-5.61629,-5.61629,-5.61629,-5.61629,-5.61629,-5.61629,-5.61629,-5.61629,-5.61629,-5.61629,-5.61629,-5.61629,-5.61629,-5.61629,-5.61629,-5.61629,-5.61629,-5.61629,-5.61629,-5.61629,-5.61629,-5.61629,-5.61629,-5.61629,-5.61629,-5.61629,-5.61629,-5.61629,-5.61629,-5.61629,-5.61629,-5.61629,-5.61629,-5.61629,-5.61629,-5.61629,-5.61629,-5.61629,-5.61629,-5.61629,-5.61629,-4.24158,-5.61629,-5.61629,-5.61629,-5.61629,-3.95186,-3.86272,-3.64023,-4.00206,-4.19543,-3.76807,-3.90508,-4.27917,-4.61629,-4.1716,-4.2517,-3.9474,-3.66451,-3.89388,-4.33531,-4.0734,-3.6969,-3.78746,-4.31374,-5.61629,-5.61629,-5.61629,-3.77758,-4.35516,-3.71756,-4.29232,-3.52953,-4.21597,-3.52156,-5.61629,-3.77568,-3.5988,-3.67118,-3.41059,-3.51005,-3.39931,-3.33145,-3.35167,-3.20332,-5.61629,-3.97924,-5.61629,-4.08711,-4.03887,-5.61629,-3.04451,-5.61629,-3.24331,-3.38463,-5.61629,-5.61629,-5.61629,-5.61629,-5.61629,-4.5228,-5.61629,-5.61629,-4.21668,-5.61629,-3.88604,-3.98127,-3.76468,-3.49549,-3.60333,-3.50417,-3.56935,-3.32663,-3.53228,-3.25625,-2.97041,-3.27741,-3.02113,-3.24852,-3.12048,-3.17121,-3.06008,-2.97095,-2.7328,-2.83221
354,-5.49541,-5.49541,-5.49541,-5.49541,-5.49541,-5.49541,-5.49541,-5.49541,-5.49541,-5.49541,-5.49541,-5.49541,-5.49541,-5.49541,-5.49541,-5.49541,-5.49541,-5.49541,-5.49541,-5.49541,-5.49541,-5.49541,-5.49541,-5.49541,-5.49541,-5.49541,-5.49541,-5.49541,-5.49541,-5.49541,-5.49541,-5.49541,-5.49541,-5.49541,-5.49541,-5.49541,-5.49541,-5.49541,-5.49541,-5.49541,-5.49541,-5.49541,-5.49541,-5.49541,-5.49541,-5.49541,-5.49541,-5.49541,-5.49541,-5.49541,-5.49541,-5.49541,-5.49541,-5.49541,-3.69264,-5.49541,-5.49541,-5.49541,-5.49541,-5.49541,-5.49541,-5.49541,-5.49541,-4.48654,-5.49541,-5.49541,-5.49541,-5.49541,-5.49541,-5.49541,-5.49541,-5.49541,-5.49541,-5.49541,-5.49541,-5.49541,-5.49541,-4.49541,-5.49541,-3.66375,-4.20514,-4.0702,-5.49541,-5.49541,-4.28459,-5.49541,-4.478,-2.96435,-2.92273,-2.42273,-3.05799,-2.657,-2.87923,-2.72891,-2.82259,-2.90767,-2.81266,-5.49541,-5.49541,-4.18368,-5.49541,-5.49541,-5.49541,-5.49541,-5.49541,-5.49541,-5.49541,-3.28232,-3.40154,-3.82063,-3.82701,-3.34881,-4.35221,-4.01931,-4.09117,-4.18323,-3.86845,-2.57809,-2.26499,-1.99465,-2.53227,-2.2748,-2.72886,-2.39898,-2.39043,-2.29484,-2.39707
607,-5.49518,-5.49518,-5.49518,-5.49518,-5.49518,-5.49518,-5.49518,-5.49518,-5.49518,-5.49518,-5.49518,-5.49518,-5.49518,-5.49518,-5.49518,-5.49518,-5.49518,-5.49518,-5.49518,-5.49518,-5.49518,-5.49518,-5.49518,-5.49518,-5.49518,-5.49518,-5.49518,-5.49518,-5.49518,-5.49518,-5.49518,-5.49518,-5.49518,-5.49518,-5.49518,-5.49518,-5.49518,-5.49518,-5.49518,-5.49518,-5.49518,-5.49518,-5.49518,-5.49518,-4.49518,-5.49518,-5.49518,-5.49518,-5.49518,-5.49518,-5.49518,-5.49518,-5.49518,-5.49518,-5.49518,-5.49518,-5.49518,-5.49518,-5.49518,-5.49518,-5.49518,-5.49518,-5.49518,-5.49518,-5.49518,-5.49518,-5.49518,-5.49518,-3.77921,-3.77613,-3.48418,-3.48782,-3.12867,-3.35299,-2.92973,-2.98991,-2.98105,-3.92722,-3.67219,-3.60654,-3.46547,-3.58665,-3.56729,-3.98166,-3.72138,-4.01826,-3.74101,-5.49518,-3.28313,-5.49518,-3.45146,-5.49518,-5.49518,-5.49518,-5.49518,-5.49518,-4.13126,-5.49518,-5.49518,-5.49518,-5.49518,-5.49518,-5.49518,-5.49518,-5.49518,-5.49518,-5.49518,-5.49518,-5.49518,-5.49518,-5.49518,-5.49518,-5.49518,-5.49518,-5.49518,-5.49518,-5.49518,-5.49518,-5.49518,-5.49518,-5.49518,-5.49518,-5.49518,-5.49518,-5.49518,-5.49518,-5.49518
614,-5.28416,-5.28416,-5.28416,-5.28416,-5.28416,-5.28416,-5.28416,-5.28416,-5.28416,-5.28416,-5.28416,-5.28416,-5.28416,-5.28416,-5.28416,-5.28416,-5.28416,-5.28416,-5.28416,-5.28416,-5.28416,-5.28416,-5.28416,-5.28416,-5.28416,-5.28416,-5.28416,-5.28416,-5.28416,-5.28416,-5.28416,-5.28416,-5.28416,-5.28416,-5.28416,-5.28416,-5.28416,-5.28416,-5.28416,-5.28416,-5.28416,-5.28416,-5.28416,-5.28416,-5.28416,-5.28416,-5.28416,-5.28416,-5.28416,-5.28416,-5.28416,-5.28416,-5.28416,-5.28416,-5.28416,-5.28416,-5.28416,-5.28416,-5.28416,-5.28416,-5.28416,-5.28416,-5.28416,-5.28416,-5.28416,-5.28416,-5.28416,-5.28416,-5.28416,-5.28416,-5.28416,-4.28416,-5.28416,-5.28416,-5.28416,-5.28416,-5.28416,-3.38536,-3.09218,-3.15321,-3.30647,-3.15482,-3.02743,-3.1496,-2.86864,-3.29853,-3.00895,-3.05311,-2.83096,-2.79338,-3.06008,-2.3459,-2.42138,-2.61544,-2.38361,-2.49531,-2.46018,-5.28416,-5.28416,-5.28416,-5.28416,-5.28416,-5.28416,-5.28416,-5.28416,-5.28416,-5.28416,-3.29887,-2.79237,-3.41887,-2.99197,-3.75126,-3.06273,-5.28416,-3.09167,-5.28416,-3.40793,-3.16437,-3.30367,-2.99093,-3.27542,-2.85998,-3.20152,-3.09622,-3.22318,-3.12207,-3.3057
630,-4.92018,-4.92018,-4.92018,-4.92018,-4.92018,-4.92018,-4.92018,-4.92018,-4.92018,-4.92018,-4.92018,-4.92018,-4.92018,-4.92018,-4.92018,-4.92018,-4.92018,-4.92018,-4.92018,-4.92018,-4.92018,-4.92018,-4.92018,-4.92018,-4.92018,-4.92018,-4.92018,-4.92018,-4.92018,-4.92018,-4.92018,-4.92018,-4.92018,-4.92018,-4.92018,-4.92018,-4.92018,-4.92018,-4.92018,-4.92018,-4.92018,-4.92018,-4.92018,-4.92018,-4.92018,-4.92018,-4.92018,-4.92018,-4.92018,-4.92018,-4.92018,-4.92018,-4.92018,-4.92018,-4.92018,-4.92018,-4.92018,-4.92018,-4.92018,-4.92018,-4.92018,-4.92018,-4.92018,-4.92018,-4.92018,-4.92018,-4.92018,-4.92018,-2.7296,-3.5884,-2.93584,-3.47709,-2.57682,-3.00761,-2.51064,-2.29558,-2.48759,-4.92018,-4.92018,-3.53794,-4.92018,-3.40854,-3.45425,-3.64562,-3.56873,-3.81395,-3.92018,-4.92018,-4.92018,-4.92018,-4.92018,-4.92018,-4.92018,-4.92018,-4.92018,-4.92018,-4.92018,-4.92018,-4.92018,-4.92018,-4.92018,-4.92018,-4.92018,-4.92018,-4.92018,-4.92018,-4.92018,-4.92018,-4.92018,-4.92018,-4.92018,-4.92018,-4.92018,-4.92018,-4.92018,-4.92018,-4.92018,-4.92018,-4.92018,-4.92018,-4.92018,-4.92018,-4.92018,-4.92018,-4.92018,-4.92018,-4.92018
636,-5.16698,-5.16698,-5.16698,-5.16698,-5.16698,-5.16698,-5.16698,-5.16698,-5.16698,-5.16698,-5.16698,-5.16698,-5.16698,-5.16698,-5.16698,-5.16698,-5.16698,-5.16698,-5.16698,-5.16698,-5.16698,-5.16698,-5.16698,-5.16698,-5.16698,-5.16698,-5.16698,-5.16698,-5.16698,-5.16698,-5.16698,-5.16698,-5.16698,-5.16698,-5.16698,-5.16698,-5.16698,-5.16698,-5.16698,-5.16698,-5.16698,-5.16698,-5.16698,-5.16698,-5.16698,-5.16698,-5.16698,-5.16698,-5.16698,-5.16698,-5.16698,-5.16698,-5.16698,-5.16698,-5.16698,-5.16698,-5.16698,-5.16698,-5.16698,-5.16698,-5.16698,-5.16698,-5.16698,-5.16698,-5.16698,-5.16698,-5.16698,-2.51232,-1.50928,-2.05366,-1.78269,-1.94747,-1.71207,-1.76301,-1.68406,-1.57954,-1.67928,-2.50884,-2.54807,-2.07307,-2.48442,-2.1675,-2.21823,-2.24995,-2.27896,-2.29927,-2.31248,-5.16698,-5.16698,-5.16698,-5.16698,-5.16698,-5.16698,-5.16698,-5.16698,-5.16698,-5.16698,-5.16698,-5.16698,-5.16698,-5.16698,-5.16698,-5.16698,-5.16698,-5.16698,-5.16698,-5.16698,-5.16698,-3.95718,-5.16698,-3.76448,-5.16698,-3.74109,-5.16698,-3.32826,-4.16698,-3.02294,-5.16698,-5.16698,-5.16698,-5.16698,-5.16698,-5.16698,-5.16698,-5.16698,-5.16698,-5.16698
638,-5.94491,-5.94491,-5.94491,-5.94491,-5.94491,-5.94491,-5.94491,-5.94491,-5.94491,-5.94491,-5.94491,-5.94491,-5.94491,-5.94491,-5.94491,-5.94491,-5.94491,-5.94491,-5.94491,-5.94491,-5.94491,-5.94491,-5.94491,-5.94491,-5.94491,-5.94491,-5.94491,-5.94491,-5.94491,-5.94491,-5.94491,-5.94491,-5.94491,-5.94491,-5.94491,-5.94491,-5.94491,-5.94491,-5.94491,-5.94491,-5.94491,-5.94491,-5.94491,-5.94491,-5.94491,-5.94491,-5.94491,-5.94491,-5.94491,-5.94491,-5.94491,-5.94491,-5.94491,-5.94491,-5.94491,-5.94491,-5.94491,-5.94491,-5.94491,-5.94491,-5.94491,-5.94491,-5.94491,-5.94491,-5.94491,-5.94491,-5.94491,-4.2975,-3.115,-5.94491,-5.94491,-4.22331,-2.84348,-5.94491,-2.92101,-2.79177,-2.88074,-5.94491,-5.94491,-3.93858,-5.94491,-5.94491,-4.19862,-5.94491,-5.94491,-5.94491,-5.94491,-1.5322,-1.33308,-1.49124,-1.52863,-1.63093,-1.4857,-1.97618,-1.55715,-1.72453,-1.68442,-1.24781,-1.2643,-1.40376,-1.46075,-1.40517,-1.24585,-1.2459,-1.26763,-5.94491,-1.72235,-5.94491,-5.94491,-5.94491,-5.94491,-5.94491,-5.94491,-5.94491,-4.94491,-5.94491,-5.94491,-5.94491,-5.94491,-5.94491,-3.87159,-5.94491,-5.94491,-5.94491,-5.94491,-3.27001,-3.34251
647,-5.12868,-5.12868,-5.12868,-5.12868,-5.12868,-5.12868,-5.12868,-5.12868,-5.12868,-5.12868,-5.12868,-5.12868,-5.12868,-5.12868,-5.12868,-5.12868,-5.12868,-5.12868,-5.12868,-5.12868,-5.12868,-5.12868,-5.12868,-5.12868,-5.12868,-5.12868,-5.12868,-5.12868,-5.12868,-5.12868,-5.12868,-5.12868,-5.12868,-5.12868,-5.12868,-5.12868,-5.12868,-5.12868,-5.12868,-5.12868,-5.12868,-5.12868,-5.12868,-5.12868,-5.12868,-5.12868,-5.12868,-5.12868,-5.12868,-5.12868,-5.12868,-5.12868,-5.12868,-5.12868,-5.12868,-5.12868,-5.12868,-5.12868,-5.12868,-5.12868,-5.12868,-5.12868,-5.12868,-5.12868,-5.12868,-5.12868,-5.12868,-5.12868,-5.12868,-5.12868,-5.12868,-5.12868,-5.12868,-5.12868,-5.12868,-5.12868,-5.12868,-5.12868,-3.6254,-3.41609,-5.12868,-3.39326,-3.30535,-3.33418,-3.25142,-3.43873,-3.32284,-3.96967,-3.12842,-2.88304,-3.3705,-2.54496,-2.57668,-2.89955,-2.53291,-2.65516,-2.60274,-5.12868,-5.12868,-4.12868,-5.12868,-5.12868,-5.12868,-5.12868,-5.12868,-5.12868,-5.12868,-3.64214,-3.0308,-5.12868,-3.30505,-5.12868,-3.3383,-5.12868,-3.45515,-5.12868,-3.80646,-3.46095,-5.12868,-3.3939,-3.55737,-3.13212,-3.74172,-3.23052,-5.12868,-3.275,-3.48607
666,-5.14311,-5.14311,-5.14311,-5.14311,-5.14311,-5.14311,-5.14311,-5.14311,-5.14311,-5.14311,-5.14311,-5.14311,-5.14311,-5.14311,-5.14311,-5.14311,-5.14311,-5.14311,-5.14311,-5.14311,-5.14311,-5.14311,-5.14311,-5.14311,-5.14311,-5.14311,-5.14311,-5.14311,-5.14311,-5.14311,-5.14311,-5.14311,-5.14311,-5.14311,-5.14311,-5.14311,-5.14311,-5.14311,-5.14311,-5.14311,-5.14311,-5.14311,-5.14311,-5.14311,-5.14311,-5.14311,-5.14311,-5.14311,-5.14311,-5.14311,-5.14311,-5.14311,-5.14311,-5.14311,-5.14311,-5.14311,-5.14311,-5.14311,-5.14311,-5.14311,-5.14311,-5.14311,-5.14311,-5.14311,-5.14311,-5.14311,-5.14311,-5.14311,-5.14311,-5.14311,-5.14311,-5.14311,-5.14311,-5.14311,-5.14311,-5.14311,-5.14311,-5.14311,-5.14311,-5.14311,-5.14311,-5.14311,-5.14311,-5.14311,-5.14311,-5.14311,-5.14311,-2.59346,-2.52607,-2.94096,-2.73447,-4.14311,-2.85424,-3.55174,-5.14311,-3.16023,-3.18116,-2.4479,-2.4117,-2.41369,-2.3828,-2.3946,-2.16388,-2.34036,-2.19792,-5.14311,-2.75168,-5.14311,-5.14311,-5.14311,-5.14311,-5.14311,-5.14311,-5.14311,-5.14311,-5.14311,-5.14311,-5.14311,-5.14311,-5.14311,-5.14311,-5.14311,-5.14311,-5.14311,-5.14311,-5.14311,-5.14311
674,-5.32473,-5.32473,-5.32473,-5.32473,-5.32473,-5.32473,-5.32473,-5.32473,-5.32473,-5.32473,-5.32473,-5.32473,-5.32473,-5.32473,-5.32473,-5.32473,-5.32473,-5.32473,-5.32473,-5.32473,-5.32473,-5.32473,-5.32473,-5.32473,-5.32473,-5.32473,-5.32473,-5.32473,-5.32473,-5.32473,-5.32473,-5.32473,-5.32473,-5.32473,-5.32473,-5.32473,-5.32473,-5.32473,-5.32473,-5.32473,-5.32473,-5.32473,-5.32473,-5.32473,-5.32473,-5.32473,-5.32473,-5.32473,-5.32473,-5.32473,-5.32473,-5.32473,-5.32473,-5.32473,-5.32473,-5.32473,-5.32473,-5.32473,-5.32473,-5.32473,-5.32473,-5.32473,-5.32473,-5.32473,-5.32473,-5.32473,-5.32473,-4.32473,-2.21962,-3.09671,-2.3953,-2.81483,-1.93726,-2.42335,-1.7838,-1.60949,-1.76473,-5.32473,-4.19322,-3.0165,-3.9284,-2.73133,-2.8925,-3.05098,-3.1029,-3.06416,-3.21354,-5.32473,-5.32473,-5.32473,-5.32473,-5.32473,-5.32473,-5.32473,-5.32473,-5.32473,-5.32473,-5.32473,-5.32473,-5.32473,-5.32473,-5.32473,-5.32473,-5.32473,-5.32473,-5.32473,-5.32473,-5.32473,-5.32473,-5.32473,-5.32473,-5.32473,-5.32473,-5.32473,-5.32473,-5.32473,-5.32473,-5.32473,-5.32473,-5.32473,-5.32473,-5.32473,-5.32473,-5.32473,-5.32473,-5.32473,-5.32473
675,-6.89791,-6.89791,-6.89791,-6.89791,-6.89791,-6.89791,-6.89791,-6.89791,-6.89791,-6.89791,-6.89791,-6.89791,-6.89791,-6.89791,-6.89791,-6.89791,-6.89791,-6.89791,-6.89791,-6.89791,-6.89791,-6.89791,-6.89791,-6.89791,-6.89791,-6.89791,-6.89791,-6.89791,-6.89791,-6.89791,-6.89791,-6.89791,-6.89791,-6.89791,-6.89791,-6.89791,-6.89791,-6.89791,-6.89791,-6.89791,-6.89791,-6.89791,-6.89791,-6.89791,-6.89791,-6.89791,-6.89791,-6.89791,-6.89791,-6.89791,-6.89791,-6.89791,-6.89791,-6.89791,-6.89791,-6.89791,-6.89791,-6.89791,-6.89791,-6.89791,-6.89791,-6.89791,-6.89791,-6.89791,-6.89791,-6.89791,-6.89791,-6.89791,-4.25378,-6.89791,-6.89791,-6.89791,-6.89791,-6.89791,-6.89791,-6.89791,-6.89791,-6.89791,-6.89791,-6.89791,-6.89791,-5.89791,-6.89791,-6.89791,-6.89791,-6.89791,-6.89791,-1.59316,-1.46744,-1.75535,-1.68887,-2.25041,-1.94612,-2.07547,-2.08551,-2.0502,-2.03137,-1.37239,-1.32874,-1.38549,-1.25828,-1.31881,-1.05457,-1.25242,-1.0304,-1.48837,-6.89791,-6.89791,-6.89791,-6.89791,-6.89791,-6.89791,-6.89791,-6.89791,-6.89791,-6.89791,-6.89791,-6.89791,-6.89791,-6.89791,-6.89791,-6.89791,-6.89791,-6.89791,-6.89791,-6.89791,-6.89791
698,-6.14843,-6.14843,-6.14843,-6.14843,-6.14843,-6.14843,-6.14843,-6.14843,-6.14843,-6.14843,-6.14843,-6.14843,-6.14843,-6.14843,-6.14843,-6.14843,-6.14843,-6.14843,-6.14843,-6.14843,-6.14843,-6.14843,-6.14843,-6.14843,-6.14843,-6.14843,-6.14843,-6.14843,-6.14843,-6.14843,-6.14843,-6.14843,-6.14843,-6.14843,-6.14843,-6.14843,-6.14843,-6.14843,-6.14843,-6.14843,-6.14843,-6.14843,-6.14843,-5.14843,-6.14843,-6.14843,-6.14843,-6.14843,-6.14843,-6.14843,-6.14843,-6.14843,-6.14843,-6.14843,-6.14843,-6.14843,-6.14843,-6.14843,-6.14843,-6.14843,-6.14843,-6.14843,-6.14843,-6.14843,-6.14843,-6.14843,-6.14843,-6.14843,-3.11162,-4.14242,-3.07448,-3.68657,-2.77429,-3.07907,-2.63147,-2.4779,-2.62888,-6.14843,-6.14843,-3.57234,-4.36574,-3.38035,-3.56015,-3.83022,-3.99101,-3.7438,-3.80564,-6.14843,-6.14843,-6.14843,-6.14843,-6.14843,-6.14843,-6.14843,-6.14843,-6.14843,-6.14843,-6.14843,-6.14843,-6.14843,-6.14843,-6.14843,-6.14843,-6.14843,-6.14843,-6.14843,-6.14843,-6.14843,-6.14843,-6.14843,-6.14843,-6.14843,-6.14843,-6.14843,-6.14843,-6.14843,-6.14843,-6.14843,-6.14843,-6.14843,-6.14843,-6.14843,-6.14843,-6.14843,-6.14843,-6.14843,-6.14843
701,-4.30135,-4.30135,-4.30135,-4.30135,-4.30135,-4.30135,-4.30135,-4.30135,-4.30135,-4.30135,-4.30135,-4.30135,-4.30135,-4.30135,-4.30135,-4.30135,-4.30135,-4.30135,-4.30135,-4.30135,-4.30135,-4.30135,-4.30135,-4.30135,-4.30135,-4.30135,-4.30135,-4.30135,-4.30135,-4.30135,-4.30135,-4.30135,-4.30135,-4.30135,-4.30135,-4.30135,-4.30135,-4.30135,-4.30135,-4.30135,-4.30135,-4.30135,-4.30135,-4.30135,-4.30135,-4.30135,-4.30135,-4.30135,-4.30135,-4.30135,-4.30135,-4.30135,-4.30135,-4.30135,-4.30135,-4.30135,-4.30135,-4.30135,-4.30135,-4.30135,-4.30135,-4.30135,-4.30135,-4.30135,-4.30135,-4.30135,-4.30135,-4.30135,-4.30135,-4.30135,-4.30135,-4.30135,-4.30135,-4.30135,-4.30135,-4.30135,-4.30135,-4.30135,-4.30135,-4.30135,-4.30135,-4.30135,-4.30135,-4.30135,-4.30135,-4.30135,-4.30135,-2.50522,-2.36346,-2.58455,-2.5604,-4.30135,-2.84278,-3.30135,-2.90713,-3.0726,-3.05076,-2.20774,-2.20071,-2.21287,-2.20842,-2.23054,-2.00978,-2.16261,-1.98039,-4.30135,-2.5146,-4.30135,-4.30135,-4.30135,-4.30135,-4.30135,-4.30135,-4.30135,-4.30135,-4.30135,-4.30135,-4.30135,-4.30135,-4.30135,-4.30135,-4.30135,-4.30135,-4.30135,-4.30135,-4.30135,-4.30135
717,-3.57026,-5.35377,-5.35377,-5.35377,-5.35377,-5.35377,-5.35377,-5.35377,-5.35377,-5.35377,-5.35377,-5.35377,-3.5632,-3.5632,-3.5632,-3.5632,-3.5632,-5.35377,-5.35377,-5.35377,-5.35377,-5.35377,-5.35377,-5.35377,-5.35377,-5.35377,-5.35377,-5.35377,-5.35377,-5.35377,-3.19392,-3.19392,-3.19392,-3.19392,-3.19392,-5.35377,-5.35377,-5.35377,-5.35377,-5.35377,-5.35377,-4.08157,-5.35377,-4.35377,-5.35377,-5.35377,-5.35377,-3.5688,-3.71693,-3.5816,-3.91194,-5.35377,-3.9473,-3.90703,-3.97061,-3.58823,-4.34671,-4.10165,-3.64519,-3.91791,-3.95264,-4.12191,-4.05726,-3.97419,-3.98257,-3.67665,-4.10037,-5.35377,-3.81104,-3.57668,-3.5419,-3.89755,-3.66951,-4.01472,-3.9199,-3.64686,-4.00823,-5.35377,-3.75144,-3.38227,-3.5078,-3.43106,-3.62935,-3.67045,-3.57559,-3.54282,-3.64631,-3.53081,-3.52589,-3.2536,-3.54805,-3.23393,-3.22671,-3.31899,-3.74553,-3.41415,-3.31788,-3.72926,-5.35377,-5.35377,-5.35377,-4.1698,-5.35377,-3.96636,-5.35377,-4.26574,-5.35377,-3.87173,-3.62182,-3.45886,-3.42247,-3.42314,-3.48597,-3.59516,-3.48214,-3.70754,-3.7223,-3.32048,-3.12967,-3.08624,-3.27868,-3.0691,-3.22156,-3.2381,-3.11837,-3.21063,-3.23253
758,-3.07856,-3.21232,-5.49162,-5.49162,-3.24476,-3.5025,-3.07591,-2.85131,-2.85131,-2.85131,-2.85131,-2.85131,-3.05627,-3.05627,-3.05627,-3.05627,-3.05627,-2.65885,-2.65885,-2.65885,-2.65885,-2.65885,-5.49162,-5.49162,-5.49162,-5.49162,-5.49162,-5.49162,-5.49162,-5.49162,-2.8324,-2.8324,-2.8324,-2.8324,-2.8324,-2.96798,-2.96798,-2.96798,-2.96798,-2.96798,-4.39781,-4.11701,-3.76983,-3.15092,-3.48231,-3.20869,-2.94202,-3.84664,-3.81939,-3.5222,-3.29778,-3.41624,-3.33116,-3.4029,-3.32393,-3.6032,-3.60724,-3.93079,-3.31911,-3.41834,-3.77239,-3.5749,-3.53793,-3.71199,-3.36085,-3.51506,-3.44745,-4.49162,-3.65227,-3.43915,-3.67753,-3.40687,-3.26471,-3.36882,-3.3407,-3.43589,-3.43158,-5.49162,-4.04709,-3.39214,-3.0739,-2.89657,-2.9686,-3.49692,-2.9556,-2.95034,-2.89305,-3.20685,-3.05666,-3.09317,-3.18462,-2.83992,-2.85336,-3.1659,-2.89656,-3.01576,-2.97636,-3.30745,-3.27749,-3.45626,-3.4421,-3.49006,-3.34438,-3.00647,-3.38086,-3.74135,-3.73187,-3.83954,-3.57311,-3.23248,-3.05362,-3.07934,-2.90097,-2.91784,-2.84029,-2.93987,-2.91215,-3.34698,-3.14667,-3.08258,-3.23058,-3.1062,-3.20515,-3.19846,-3.38659,-3.04853,-3.08668
786,-3.2344,-5.27341,-5.27341,-5.27341,-5.27341,-5.27341,-3.39712,-3.31476,-3.31476,-3.31476,-3.31476,-3.31476,-3.68842,-3.68842,-3.68842,-3.68842,-3.68842,-2.99489,-2.99489,-2.99489,-2.99489,-2.99489,-5.27341,-5.27341,-5.27341,-5.27341,-3.6924,-3.6924,-3.6924,-3.6924,-3.15121,-3.15121,-3.15121,-3.15121,-3.15121,-5.27341,-5.27341,-5.27341,-5.27341,-5.27341,-5.27341,-3.72655,-3.61663,-3.60565,-3.8595,-3.27668,-2.9775,-4.18972,-3.34678,-3.69497,-3.67356,-3.84635,-3.63154,-3.53463,-3.41041,-3.64395,-3.70531,-3.60694,-3.58542,-3.60274,-3.82346,-3.7169,-3.90292,-3.7166,-3.60847,-3.47316,-3.80902,-5.27341,-3.2869,-3.80011,-3.29919,-3.24676,-3.41807,-3.55543,-3.63132,-3.57229,-3.59791,-3.77201,-3.4859,-3.11575,-3.5512,-3.2513,-3.41402,-3.37742,-3.52804,-3.46597,-3.47414,-3.15774,-3.24331,-2.8367,-2.99862,-2.72585,-2.71051,-2.96346,-2.99962,-2.76404,-2.62297,-3.76083,-3.75521,-4.05735,-3.85875,-5.27341,-3.8618,-3.51382,-3.54668,-3.65905,-4.27341,-3.5039,-3.17961,-3.2101,-3.21999,-3.18129,-3.11672,-3.2649,-3.37901,-3.4889,-3.65424,-3.34673,-3.35851,-3.07697,-3.18077,-3.07038,-3.03954,-2.94951,-2.81855,-2.81356,-2.95324
802,-5.41636,-5.41636,-5.41636,-5.41636,-5.41636,-5.41636,-5.41636,-5.41636,-5.41636,-5.41636,-5.41636,-5.41636,-3.25578,-3.25578,-3.25578,-3.25578,-3.25578,-5.41636,-5.41636,-5.41636,-5.41636,-5.41636,-5.41636,-5.41636,-5.41636,-5.41636,-5.41636,-5.41636,-5.41636,-5.41636,-3.5141,-3.5141,-3.5141,-3.5141,-3.5141,-5.41636,-5.41636,-5.41636,-5.41636,-5.41636,-4.41636,-5.41636,-5.41636,-3.30957,-5.41636,-4.04702,-3.71487,-4.17134,-4.40704,-3.93447,-5.41636,-5.41636,-3.80993,-3.77233,-5.41636,-4.3797,-4.27662,-3.85306,-5.41636,-4.22604,-5.41636,-5.41636,-3.82405,-4.3543,-3.83745,-5.41636,-4.37757,-5.41636,-3.9016,-3.91831,-3.90877,-3.68725,-5.41636,-4.06064,-5.41636,-5.41636,-5.41636,-3.96302,-4.04848,-3.9335,-3.99762,-3.70073,-3.82436,-3.93322,-3.73766,-3.93932,-4.17666,-3.31248,-3.56581,-3.49037,-3.89096,-3.44415,-3.39678,-3.41021,-3.88654,-3.66116,-3.50338,-5.41636,-5.41636,-5.41636,-5.41636,-5.41636,-5.41636,-5.41636,-5.41636,-5.41636,-5.41636,-3.93821,-4.07325,-3.62251,-3.59612,-3.65813,-3.74625,-3.7519,-3.65677,-3.83625,-3.84861,-3.22655,-3.02187,-3.03255,-3.51152,-3.27955,-3.31636,-3.26701,-3.37344,-3.11334,-3.18202
861,-5.31648,-5.31648,-5.31648,-5.31648,-5.31648,-5.31648,-5.31648,-5.31648,-5.31648,-5.31648,-5.31648,-5.31648,-5.31648,-5.31648,-5.31648,-5.31648,-5.31648,-5.31648,-5.31648,-5.31648,-5.31648,-5.31648,-5.31648,-5.31648,-5.31648,-5.31648,-5.31648,-5.31648,-5.31648,-5.31648,-5.31648,-5.31648,-5.31648,-5.31648,-5.31648,-5.31648,-5.31648,-5.31648,-5.31648,-5.31648,-5.31648,-5.31648,-3.65168,-5.31648,-5.31648,-5.31648,-5.31648,-5.31648,-4.206,-4.13659,-5.31648,-4.10975,-5.31648,-5.31648,-5.31648,-4.18654,-5.31648,-5.31648,-3.57194,-3.63957,-3.88245,-3.80298,-5.31648,-5.31648,-5.31648,-5.31648,-4.31648,-5.31648,-3.89971,-3.89743,-5.31648,-3.76362,-3.97581,-4.16524,-3.79932,-3.91083,-3.74436,-5.31648,-3.88373,-3.59443,-3.74828,-3.79935,-3.86724,-3.88177,-3.7451,-3.94078,-3.70982,-3.76536,-5.31648,-3.5128,-3.60307,-3.30517,-3.628,-3.45221,-5.31648,-3.42728,-3.84507,-5.31648,-5.31648,-5.31648,-4.27626,-5.31648,-5.31648,-5.31648,-5.31648,-5.31648,-4.26771,-4.31332,-3.75351,-3.75782,-3.78524,-3.74055,-3.67387,-3.72515,-3.5172,-3.77795,-3.84241,-3.81494,-3.64325,-3.53161,-3.56454,-3.48804,-3.47892,-3.54164,-3.58061,-3.4868,-3.78418
912,-5.51883,-5.51883,-5.51883,-5.51883,-5.51883,-5.51883,-5.51883,-5.51883,-5.51883,-5.51883,-5.51883,-5.51883,-5.51883,-5.51883,-5.51883,-5.51883,-5.51883,-5.51883,-5.51883,-5.51883,-5.51883,-5.51883,-5.51883,-5.51883,-5.51883,-5.51883,-5.51883,-5.51883,-5.51883,-5.51883,-3.35768,-3.35768,-3.35768,-3.35768,-3.35768,-5.51883,-5.51883,-5.51883,-5.51883,-5.51883,-5.51883,-5.51883,-4.08698,-3.91427,-4.22563,-5.51883,-5.51883,-5.51883,-5.51883,-5.51883,-5.51883,-5.51883,-3.83497,-5.51883,-5.51883,-5.51883,-4.25187,-4.15124,-5.51883,-5.51883,-5.51883,-5.51883,-5.51883,-5.51883,-5.51883,-5.51883,-4.33052,-5.51883,-5.51883,-5.51883,-5.51883,-4.13301,-5.51883,-5.51883,-5.51883,-5.51883,-5.51883,-5.51883,-5.51883,-4.08138,-5.51883,-3.93862,-4.24373,-4.50401,-5.51883,-4.33798,-4.28969,-3.91639,-5.51883,-3.84528,-3.78064,-3.71752,-3.68765,-3.61135,-3.40746,-5.51883,-5.51883,-5.51883,-5.51883,-5.51883,-5.51883,-5.51883,-5.51883,-5.51883,-5.51883,-3.88666,-5.51883,-4.48647,-4.00497,-4.35465,-4.07883,-4.51883,-4.08377,-4.47114,-4.08891,-4.50422,-4.48569,-3.57289,-3.50455,-3.63956,-3.64556,-3.48147,-3.59687,-3.5557,-3.67019,-3.54385,-3.53784
1172,-5.45408,-5.45408,-5.45408,-5.45408,-5.45408,-5.45408,-5.45408,-5.45408,-5.45408,-5.45408,-5.45408,-5.45408,-5.45408,-5.45408,-5.45408,-5.45408,-5.45408,-5.45408,-5.45408,-5.45408,-5.45408,-5.45408,-5.45408,-5.45408,-5.45408,-5.45408,-5.45408,-5.45408,-5.45408,-5.45408,-5.45408,-5.45408,-5.45408,-5.45408,-5.45408,-5.45408,-5.45408,-5.45408,-5.45408,-5.45408,-5.45408,-5.45408,-5.45408,-5.45408,-5.45408,-5.45408,-3.72218,-5.45408,-5.45408,-5.45408,-5.45408,-5.45408,-4.28561,-5.45408,-4.0882,-5.45408,-5.45408,-5.45408,-5.45408,-5.45408,-5.45408,-5.45408,-5.45408,-4.27829,-5.45408,-5.45408,-5.45408,-4.40981,-3.7082,-4.04213,-3.1256,-3.12887,-3.05925,-3.35534,-3.03152,-2.93716,-3.01437,-5.45408,-3.94218,-3.46491,-3.71652,-3.37317,-3.40162,-3.67474,-3.5018,-3.54277,-3.39341,-5.45408,-5.45408,-5.45408,-5.45408,-5.45408,-5.45408,-3.15958,-5.45408,-5.45408,-5.45408,-5.45408,-5.45408,-5.45408,-5.45408,-5.45408,-5.45408,-5.45408,-5.45408,-5.45408,-5.45408,-5.45408,-5.45408,-5.45408,-4.45408,-5.45408,-5.45408,-5.45408,-4.1223,-4.4463,-3.97089,-3.30809,-5.45408,-3.89708,-3.96148,-3.97905,-4.13179,-3.94886,-5.45408,-4.2596,-5.45408
1249,-5.61674,-5.61674,-5.61674,-5.61674,-5.61674,-5.61674,-5.61674,-5.61674,-5.61674,-5.61674,-5.61674,-5.61674,-5.61674,-5.61674,-5.61674,-5.61674,-5.61674,-5.61674,-5.61674,-5.61674,-5.61674,-5.61674,-3.75883,-3.75883,-3.75883,-3.75883,-5.61674,-5.61674,-5.61674,-5.61674,-5.61674,-5.61674,-5.61674,-5.61674,-5.61674,-5.61674,-5.61674,-5.61674,-5.61674,-5.61674,-5.61674,-5.61674,-5.61674,-3.96341,-5.61674,-3.94585,-3.71205,-5.61674,-5.61674,-5.61674,-5.61674,-5.61674,-4.27598,-5.61674,-5.61674,-5.61674,-5.61674,-5.61674,-5.61674,-5.61674,-5.61674,-5.61674,-5.61674,-5.61674,-5.61674,-4.09481,-5.61674,-5.61674,-5.61674,-5.61674,-5.61674,-4.28607,-4.19631,-5.61674,-4.27464,-3.78461,-4.04096,-5.61674,-5.61674,-5.61674,-5.61674,-4.03829,-5.61674,-4.2245,-4.61674,-5.61674,-4.17407,-3.122,-2.98948,-3.01472,-3.0577,-3.16128,-2.99463,-3.20763,-3.37692,-3.15774,-3.47742,-3.05887,-3.23781,-3.03791,-3.30193,-3.03289,-2.87686,-2.94363,-3.05946,-3.08392,-3.53386,-5.61674,-5.61674,-5.61674,-5.61674,-5.61674,-5.61674,-5.61674,-4.59913,-5.61674,-5.61674,-3.27538,-3.83436,-4.1819,-4.08854,-4.43162,-5.61674,-4.02606,-5.61674,-3.76268,-3.89692
1283,-5.49545,-5.49545,-5.49545,-5.49545,-5.49545,-5.49545,-5.49545,-5.49545,-5.49545,-5.49545,-5.49545,-5.49545,-5.49545,-5.49545,-5.49545,-5.49545,-5.49545,-5.49545,-5.49545,-5.49545,-5.49545,-5.49545,-5.49545,-5.49545,-5.49545,-5.49545,-5.49545,-5.49545,-5.49545,-5.49545,-5.49545,-5.49545,-5.49545,-5.49545,-5.49545,-5.49545,-5.49545,-5.49545,-5.49545,-5.49545,-5.49545,-5.49545,-5.49545,-5.49545,-5.49545,-5.49545,-5.49545,-5.49545,-5.49545,-5.49545,-5.49545,-5.49545,-5.49545,-5.49545,-5.49545,-5.49545,-5.49545,-5.49545,-5.49545,-5.49545,-5.49545,-5.49545,-5.49545,-5.49545,-5.49545,-5.49545,-5.49545,-5.49545,-5.49545,-5.49545,-5.49545,-5.49545,-5.49545,-5.49545,-5.49545,-5.49545,-5.49545,-5.49545,-5.49545,-5.49545,-5.49545,-5.49545,-5.49545,-5.49545,-5.49545,-5.49545,-5.49545,-2.27331,-2.22628,-2.4807,-2.37554,-5.49545,-2.83199,-3.06385,-3.00351,-3.09983,-5.49545,-2.02854,-1.98716,-2.00844,-1.79045,-1.90743,-1.58386,-1.88663,-1.55356,-4.24303,-2.07249,-4.49545,-5.49545,-5.49545,-5.49545,-5.49545,-5.49545,-5.49545,-5.49545,-5.49545,-5.49545,-5.49545,-5.49545,-5.49545,-5.49545,-5.49545,-5.49545,-5.49545,-5.49545,-5.49545,-5.49545
1327,-5.76518,-5.76518,-5.76518,-5.76518,-5.76518,-5.76518,-5.76518,-5.76518,-5.76518,-5.76518,-5.76518,-5.76518,-5.76518,-5.76518,-5.76518,-5.76518,-5.76518,-2.17141,-2.17141,-2.17141,-2.17141,-2.17141,-5.76518,-5.76518,-5.76518,-5.76518,-5.76518,-5.76518,-5.76518,-5.76518,-5.76518,-5.76518,-5.76518,-5.76518,-5.76518,-3.72998,-3.72998,-3.72998,-3.72998,-3.72998,-5.76518,-5.76518,-5.76518,-4.20227,-5.76518,-3.65229,-3.12992,-4.153,-5.76518,-5.76518,-5.76518,-5.76518,-5.76518,-5.76518,-5.76518,-5.76518,-4.11622,-5.76518,-5.76518,-4.18102,-5.76518,-5.76518,-5.76518,-5.76518,-5.76518,-5.76518,-5.76518,-5.76518,-3.21978,-3.44285,-3.11564,-3.19476,-3.1792,-3.31443,-3.52241,-3.46703,-5.76518,-3.8329,-3.92856,-3.77435,-4.34127,-4.33523,-4.57215,-5.76518,-4.54907,-4.24868,-5.76518,-3.91471,-4.08765,-3.98852,-5.76518,-3.21129,-5.76518,-3.76366,-5.76518,-5.76518,-5.76518,-4.02934,-3.95449,-5.76518,-5.76518,-5.76518,-5.76518,-5.76518,-5.76518,-4.21646,-5.76518,-4.05853,-3.73246,-4.03329,-4.14328,-3.96939,-4.76518,-4.61428,-4.20397,-4.28316,-5.76518,-3.43005,-3.79283,-3.4744,-3.70997,-3.40062,-3.58658,-3.82501,-3.45287,-3.35895,-3.66002
1371,-2.28119,-5.4069,-5.4069,-5.4069,-5.4069,-5.4069,-5.4069,-5.4069,-5.4069,-5.4069,-5.4069,-5.4069,-3.47509,-3.47509,-3.47509,-3.47509,-3.47509,-2.18047,-2.18047,-2.18047,-2.18047,-2.18047,-5.4069,-5.4069,-5.4069,-5.4069,-5.4069,-5.4069,-5.4069,-5.4069,-3.68557,-3.68557,-3.68557,-3.68557,-3.68557,-5.4069,-5.4069,-5.4069,-5.4069,-5.4069,-5.4069,-5.4069,-5.4069,-3.71394,-4.03649,-4.00214,-3.18297,-5.4069,-5.4069,-4.2089,-4.26828,-5.4069,-3.80536,-3.89153,-3.82895,-3.94683,-5.4069,-5.4069,-4.2192,-5.4069,-5.4069,-5.4069,-4.14817,-5.4069,-5.4069,-3.89502,-5.4069,-5.4069,-3.91997,-5.4069,-5.4069,-4.14786,-3.89254,-5.4069,-5.4069,-4.0271,-5.4069,-5.4069,-4.03676,-4.4069,-4.29043,-3.95501,-4.0927,-4.1404,-4.16806,-4.02636,-3.88036,-3.58509,-3.65891,-3.67513,-3.9621,-3.1703,-3.50938,-3.4947,-3.37633,-3.40493,-3.56172,-5.4069,-5.4069,-5.4069,-5.4069,-3.89018,-5.4069,-5.4069,-5.4069,-4.16977,-5.4069,-4.20505,-3.98848,-3.79691,-3.85203,-3.92186,-3.99911,-4.0862,-4.05126,-3.7413,-3.91077,-3.68813,-3.50627,-3.46094,-3.53634,-3.51936,-3.50988,-3.52704,-3.48147,-3.37705,-3.51819
1424,-5.51176,-5.51176,-3.50994,-5.51176,-5.51176,-3.33934,-5.51176,-5.51176,-5.51176,-5.51176,-5.51176,-5.51176,-5.51176,-5.51176,-5.51176,-5.51176,-5.51176,-5.51176,-5.51176,-5.51176,-5.51176,-5.51176,-5.51176,-5.51176,-5.51176,-5.51176,-5.51176,-5.51176,-5.51176,-5.51176,-5.51176,-5.51176,-5.51176,-5.51176,-5.51176,-5.51176,-5.51176,-5.51176,-5.51176,-5.51176,-5.51176,-5.51176,-5.51176,-5.51176,-4.47421,-5.51176,-5.51176,-5.51176,-5.51176,-5.51176,-5.51176,-5.51176,-5.51176,-5.51176,-5.51176,-5.51176,-5.51176,-4.07067,-3.80574,-5.51176,-5.51176,-5.51176,-5.51176,-5.51176,-5.51176,-5.51176,-5.51176,-5.51176,-5.51176,-5.51176,-3.84957,-5.51176,-3.76067,-3.77349,-5.51176,-5.51176,-5.51176,-4.23886,-5.51176,-3.53752,-3.42655,-3.5812,-3.4733,-3.49042,-3.44754,-3.44243,-3.58642,-5.51176,-5.51176,-4.51176,-5.51176,-5.51176,-5.51176,-3.44459,-5.51176,-3.24788,-5.51176,-5.51176,-5.51176,-5.51176,-5.51176,-5.51176,-5.51176,-5.51176,-5.51176,-5.51176,-5.51176,-5.51176,-3.67733,-3.85897,-3.36771,-3.49139,-3.50648,-3.54808,-3.53235,-3.38553,-3.52937,-3.56981,-4.2781,-4.20572,-3.58262,-3.66137,-3.68687,-3.50279,-3.31277,-3.41284,-3.39338
1475,-3.35413,-5.4262,-5.4262,-3.48724,-3.45625,-5.4262,-5.4262,-3.3117,-3.3117,-3.3117,-3.3117,-3.3117,-5.4262,-5.4262,-5.4262,-5.4262,-5.4262,-3.05174,-3.05174,-3.05174,-3.05174,-3.05174,-5.4262,-5.4262,-5.4262,-5.4262,-5.4262,-5.4262,-5.4262,-5.4262,-3.5778,-3.5778,-3.5778,-3.5778,-3.5778,-5.4262,-5.4262,-5.4262,-5.4262,-5.4262,-5.4262,-5.4262,-3.98528,-3.74852,-4.11065,-3.96512,-3.69749,-5.4262,-5.4262,-4.17878,-4.09384,-5.4262,-3.96169,-4.2675,-4.20433,-4.01356,-5.4262,-4.08779,-4.20969,-5.4262,-5.4262,-5.4262,-4.0395,-4.18727,-5.4262,-5.4262,-5.4262,-4.4262,-5.4262,-5.4262,-4.25721,-3.93639,-3.98351,-4.18707,-4.0014,-5.4262,-5.4262,-3.91781,-5.4262,-3.92255,-4.15633,-3.70641,-3.56933,-3.82267,-3.85394,-4.03751,-3.78103,-3.86521,-3.95627,-3.56351,-3.82836,-3.52516,-3.44139,-3.58666,-5.4262,-3.31399,-3.84902,-4.02468,-5.4262,-5.4262,-3.99109,-5.4262,-3.82669,-5.4262,-5.4262,-4.18827,-4.28438,-4.37191,-4.31139,-3.98672,-3.74887,-3.72285,-3.78509,-3.99923,-3.64047,-4.10355,-3.7804,-3.66102,-3.52887,-3.52004,-3.78412,-3.58522,-3.59129,-3.77196,-3.72544,-3.51175,-3.72495
1478,-5.48156,-3.78434,-5.48156,-5.48156,-5.48156,-5.48156,-5.48156,-5.48156,-5.48156,-5.48156,-5.48156,-5.48156,-5.48156,-5.48156,-5.48156,-5.48156,-5.48156,-5.48156,-5.48156,-5.48156,-5.48156,-5.48156,-4.09522,-4.09522,-4.09522,-4.09522,-5.48156,-5.48156,-5.48156,-5.48156,-5.48156,-5.48156,-5.48156,-5.48156,-5.48156,-5.48156,-5.48156,-5.48156,-5.48156,-5.48156,-5.48156,-5.48156,-5.48156,-5.48156,-5.48156,-5.48156,-5.48156,-5.48156,-5.48156,-5.48156,-5.48156,-5.48156,-5.48156,-5.48156,-4.26432,-5.48156,-5.48156,-5.48156,-5.48156,-3.98155,-5.48156,-5.48156,-5.48156,-5.48156,-4.28455,-3.93277,-5.48156,-5.48156,-5.48156,-5.48156,-5.48156,-4.1472,-5.48156,-5.48156,-5.48156,-5.48156,-5.48156,-5.48156,-4.1868,-5.48156,-5.48156,-4.07493,-3.92911,-4.30121,-5.48156,-4.0534,-3.88643,-5.48156,-5.48156,-5.48156,-5.48156,-3.56835,-3.65997,-3.58674,-5.48156,-3.71753,-3.73843,-4.27123,-5.48156,-5.48156,-5.48156,-5.48156,-5.48156,-5.48156,-5.48156,-5.48156,-4.36411,-5.48156,-5.48156,-4.48156,-3.99543,-3.94786,-3.91255,-4.22966,-4.09728,-4.16481,-4.05863,-3.95207,-3.84384,-3.69158,-4.07147,-3.79895,-3.95065,-4.0538,-4.19509,-3.6987,-3.8786
1480,-3.43584,-5.76498,-5.76498,-5.76498,-5.76498,-5.76498,-5.76498,-5.76498,-5.76498,-5.76498,-5.76498,-5.76498,-5.76498,-5.76498,-5.76498,-5.76498,-5.76498,-5.76498,-5.76498,-5.76498,-5.76498,-5.76498,-5.76498,-5.76498,-5.76498,-5.76498,-5.76498,-5.76498,-5.76498,-5.76498,-3.10222,-3.10222,-3.10222,-3.10222,-3.10222,-5.76498,-5.76498,-5.76498,-5.76498,-5.76498,-5.76498,-5.76498,-5.76498,-3.86381,-4.23743,-5.76498,-3.48231,-5.76498,-5.76498,-5.76498,-5.76498,-3.82018,-4.37491,-3.76577,-5.76498,-4.02902,-5.76498,-5.76498,-4.17957,-5.76498,-5.76498,-5.76498,-5.76498,-4.16101,-5.76498,-4.02427,-4.08665,-5.76498,-5.76498,-5.76498,-5.76498,-5.76498,-4.0271,-3.93397,-5.76498,-5.76498,-4.18458,-5.76498,-5.76498,-4.76498,-4.28677,-3.64393,-3.4605,-3.81326,-3.72816,-3.60129,-3.31837,-3.86869,-4.03579,-3.86989,-3.74689,-3.70667,-3.37571,-3.69616,-3.58886,-4.09705,-4.06562,-5.76498,-4.0404,-5.76498,-5.76498,-4.16751,-4.01788,-5.76498,-5.76498,-5.76498,-5.76498,-4.38832,-5.76498,-4.1613,-3.83368,-4.01371,-3.71114,-3.47224,-3.36838,-3.34648,-3.26807,-3.57172,-3.39493,-3.27858,-3.70887,-3.58232,-3.82987,-3.85763,-3.48685,-3.66531,-3.74167
1483,-5.37762,-3.41116,-5.37762,-5.37762,-5.37762,-3.51705,-5.37762,-5.37762,-5.37762,-5.37762,-5.37762,-5.37762,-5.37762,-5.37762,-5.37762,-5.37762,-5.37762,-5.37762,-5.37762,-5.37762,-5.37762,-5.37762,-5.37762,-5.37762,-5.37762,-5.37762,-5.37762,-5.37762,-5.37762,-5.37762,-5.37762,-5.37762,-5.37762,-5.37762,-5.37762,-5.37762,-5.37762,-5.37762,-5.37762,-5.37762,-5.37762,-4.12985,-5.37762,-4.20721,-5.37762,-3.70376,-3.63993,-4.18866,-3.94611,-4.18744,-3.78363,-5.37762,-4.03753,-3.96927,-5.37762,-5.37762,-5.37762,-4.10048,-3.86885,-4.03578,-3.89073,-3.9034,-4.37762,-5.37762,-5.37762,-5.37762,-4.37674,-5.37762,-5.37762,-5.37762,-3.76263,-3.5889,-3.77829,-3.85933,-3.85442,-3.91809,-5.37762,-5.37762,-4.08564,-3.64038,-3.61713,-3.37298,-3.51913,-3.58531,-3.6416,-3.83786,-3.55348,-4.08762,-4.01998,-3.85989,-4.20543,-3.364,-5.37762,-3.7092,-3.55887,-3.47352,-3.56069,-5.37762,-5.37762,-5.37762,-5.37762,-5.37762,-5.37762,-5.37762,-5.37762,-5.37762,-5.37762,-3.9284,-4.22396,-3.40446,-3.41856,-3.35029,-3.44665,-3.63828,-3.43912,-3.48247,-3.55507,-3.80465,-3.70663,-3.65643,-4.12803,-3.77208,-3.69783,-3.64236,-3.55643,-3.67878,-3.57364
1484,-5.36045,-5.36045,-5.36045,-3.52608,-5.36045,-5.36045,-5.36045,-5.36045,-5.36045,-5.36045,-5.36045,-5.36045,-5.36045,-5.36045,-5.36045,-5.36045,-5.36045,-5.36045,-5.36045,-5.36045,-5.36045,-5.36045,-5.36045,-5.36045,-5.36045,-5.36045,-5.36045,-5.36045,-5.36045,-5.36045,-5.36045,-5.36045,-5.36045,-5.36045,-5.36045,-3.75976,-3.75976,-3.75976,-3.75976,-3.75976,-5.36045,-5.36045,-5.36045,-4.01653,-4.08701,-4.16643,-5.36045,-5.36045,-5.36045,-5.36045,-4.36045,-3.81037,-3.87899,-4.16787,-5.36045,-5.36045,-5.36045,-5.36045,-4.18702,-3.98248,-5.36045,-3.75298,-3.88292,-5.36045,-4.13791,-5.36045,-5.36045,-5.36045,-5.36045,-5.36045,-5.36045,-5.36045,-4.11015,-4.25383,-5.36045,-4.26698,-5.36045,-5.36045,-5.36045,-5.36045,-4.2525,-3.79071,-3.40582,-3.47795,-3.50533,-3.48759,-3.46309,-5.36045,-4.14038,-5.36045,-5.36045,-3.70505,-3.92293,-3.73904,-5.36045,-3.79837,-3.70492,-5.36045,-4.03471,-5.36045,-5.36045,-5.36045,-4.02441,-5.36045,-3.87301,-5.36045,-5.36045,-5.36045,-5.36045,-4.291,-3.55417,-3.454,-3.49054,-3.44617,-3.33131,-3.49916,-3.47855,-3.66878,-3.66305,-3.78289,-4.1533,-3.64698,-4.04112,-3.93703,-3.92235,-3.88557,-3.83663
1492,-2.47285,-5.57375,-5.57375,-5.57375,-5.57375,-3.55115,-5.57375,-5.57375,-5.57375,-5.57375,-5.57375,-5.57375,-5.57375,-5.57375,-5.57375,-5.57375,-5.57375,-5.57375,-5.57375,-5.57375,-5.57375,-5.57375,-5.57375,-5.57375,-5.57375,-5.57375,-5.57375,-5.57375,-5.57375,-5.57375,-5.57375,-5.57375,-5.57375,-5.57375,-5.57375,-5.57375,-5.57375,-5.57375,-5.57375,-5.57375,-5.57375,-5.57375,-5.57375,-5.57375,-5.57375,-5.57375,-5.57375,-5.57375,-5.57375,-5.57375,-5.57375,-5.57375,-5.57375,-5.57375,-5.57375,-5.57375,-5.57375,-5.57375,-5.57375,-5.57375,-5.57375,-5.57375,-5.57375,-5.57375,-5.57375,-5.57375,-5.57375,-5.57375,-5.57375,-5.57375,-5.57375,-4.26036,-4.25119,-5.57375,-5.57375,-5.57375,-5.57375,-5.57375,-5.57375,-5.57375,-4.34013,-4.39456,-4.55624,-5.57375,-4.5731,-5.57375,-4.32483,-3.95963,-3.68887,-5.57375,-4.13929,-3.55457,-3.95693,-3.58654,-5.57375,-3.505,-3.60108,-5.57375,-5.57375,-5.57375,-5.57375,-5.57375,-5.57375,-5.57375,-5.57375,-3.83239,-4.25244,-5.57375,-5.57375,-3.75692,-4.16579,-3.84244,-4.13701,-4.34622,-4.57375,-4.151,-4.33185,-3.8294,-3.66791,-3.35775,-3.79674,-3.41801,-3.68022,-3.57591,-3.66126,-3.40067,-3.49892
1552,-4.98511,-3.49472,-4.98511,-4.98511,-4.98511,-4.98511,-4.98511,-4.98511,-4.98511,-4.98511,-4.98511,-4.98511,-2.81762,-2.81762,-2.81762,-2.81762,-2.81762,-4.98511,-4.98511,-4.98511,-4.98511,-4.98511,-3.98511,-3.98511,-3.98511,-3.98511,-3.07453,-3.07453,-3.07453,-3.07453,-2.74027,-2.74027,-2.74027,-2.74027,-2.74027,-3.02855,-3.02855,-3.02855,-3.02855,-3.02855,-3.88774,-3.07393,-3.00969,-3.14479,-3.19878,-2.99382,-4.98511,-3.48008,-3.08226,-3.10757,-3.06512,-3.05509,-3.03515,-3.05869,-3.08083,-3.19665,-3.08224,-3.14769,-2.94316,-2.98739,-2.99464,-2.97317,-3.14884,-3.18977,-3.1246,-2.96451,-3.20461,-4.98511,-3.80721,-3.1029,-2.97718,-2.9126,-3.05817,-2.98021,-2.95376,-2.90597,-2.96927,-3.40837,-3.23837,-2.95514,-2.92947,-3.0062,-3.02053,-2.96139,-2.94112,-2.93839,-2.91536,-3.15185,-3.19103,-3.0748,-2.97428,-2.82505,-2.8802,-2.93019,-2.92047,-2.75089,-2.89331,-3.13395,-4.98511,-4.98511,-4.98511,-3.2793,-4.98511,-3.10525,-3.31317,-3.29904,-3.53942,-3.48365,-3.17448,-2.94796,-3.0152,-2.97314,-2.97188,-2.92878,-2.99966,-2.92358,-2.8817,-2.94978,-2.83219,-2.6608,-3.00254,-2.83045,-2.89437,-2.80765,-2.75786,-2.64034,-2.64169
1647,-5.74167,-5.74167,-5.74167,-5.74167,-5.74167,-5.74167,-5.74167,-5.74167,-5.74167,-5.74167,-5.74167,-5.74167,-5.74167,-5.74167,-5.74167,-5.74167,-5.74167,-5.74167,-5.74167,-5.74167,-5.74167,-5.74167,-5.74167,-5.74167,-5.74167,-5.74167,-5.74167,-5.74167,-5.74167,-5.74167,-5.74167,-5.74167,-5.74167,-5.74167,-5.74167,-5.74167,-5.74167,-5.74167,-5.74167,-5.74167,-5.74167,-5.74167,-5.74167,-5.74167,-5.74167,-5.74167,-5.74167,-5.74167,-5.74167,-3.87636,-5.74167,-5.74167,-5.74167,-5.74167,-5.74167,-5.74167,-5.74167,-5.74167,-5.74167,-5.74167,-5.74167,-5.74167,-5.74167,-5.74167,-5.74167,-5.74167,-5.74167,-5.74167,-5.74167,-5.74167,-3.88282,-5.74167,-4.74167,-5.74167,-5.74167,-5.74167,-5.74167,-5.74167,-5.74167,-5.74167,-4.15544,-3.69371,-3.79544,-3.69029,-3.68031,-3.63186,-3.63379,-5.74167,-5.74167,-5.74167,-5.74167,-5.74167,-5.74167,-5.74167,-5.74167,-4.39187,-5.74167,-5.74167,-5.74167,-5.74167,-5.74167,-5.74167,-5.74167,-5.74167,-5.74167,-5.74167,-5.74167,-5.74167,-4.22536,-3.68467,-3.61734,-3.67461,-3.51622,-3.77962,-3.5581,-3.71474,-3.45834,-3.5558,-3.4591,-3.20431,-5.74167,-3.43665,-3.45436,-3.53021,-3.44828,-3.32234,-3.18186
