Set|Cluster|ID|ionMz|Label|59.0137|71.0139|74.0249|85.0296|87.0086|88.0405|89.0245|101.0243|102.0562|109.0407|112.0518|113.0246|115.0038|117.0195|118.051|118.9807|122.0247|128.0355|129.0192|130.0506|130.0875|131.0355|131.0824|132.0303|133.014|135.0311|145.0144|145.0617|145.0984|146.0458|147.0297|147.0655|151.0403|152.0354|153.0173|154.062|165.0554|166.0506|166.9758|168.0663|171.0302|173.0095|173.0454|173.0711|179.0348|179.0561|184.0021|186.1139|211.0603|213.0145|218.1033|225.0991|237.0282|249.0552|251.0776|259.0227|266.0886|279.2331|289.0436|296.9997|307.0311|316.2857|317.2143|323.0277|338.9889|346.0558|347.0589|362.0509|365.0531|367.0185|388.9441|397.1319|401.0173|426.0221|441.3372|489.9937|505.9889|521.984|545.3994|604.0696|606.0744|611.144|664.117|665.2139|766.1076|784.1495|808.118
A|WT|11|0011 / pck1^ 2.4|pck1^|33968|1496|3792|1289|2829|690|1960|1038|714|2174|1924|3433|1184|1644|47889|4424|883|32877|3395|820|33048|739|48855|12268|12777|7011|1231|26129|14789|40585|4788|5072|1444|241|2152|32908|2534|491|1086|2655|1573|3974|1463|2024|727|10227|17098|2850|3838|2781|2326|2836|7424|6943|2139|78675|1122|4063|6202|4686|1001|581|1175|7369|75646|96077|13116|4166|4358|4137|1072|3522|2467|118101|2556|3834|91832|17222|3332|43544|122538|8787|15937|4800|7941|4592|6114
A|WT|12|0012 / pck1^ 2.4|pck1^|22565|1443|2265|1072|1470|821|1947|1057|779|752|1924|3077|651|368|37340|4469|461|21008|1622|161|28899|1316|35735|8717|5048|6292|3589|20108|13076|28638|1788|3076|833|2079|2257|17593|1990|1591|566|2159|3618|3466|852|1483|802|7700|10145|2307|4102|2987|2785|2236|6740|6251|2919|64985|1421|5838|5233|3272|2284|1626|1253|7123|55175|69676|9826|3126|2011|2425|1840|1829|1390|93505|2102|3685|71053|12663|2010|33046|90194|6764|12166|3541|5093|3797|4205
A|WT|13|0013 / pck1^ 2.4|pck1^|36285|1810|4060|1329|2535|304|3009|1610|868|1570|2161|4729|1622|2597|56062|5227|1008|36499|1704|3086|43894|1814|48468|13609|15518|6340|2150|32009|16172|51709|4079|5808|2640|1003|1468|40841|3071|1775|1560|2304|2430|4878|797|1615|1038|12723|14713|2092|2799|4009|3910|3865|9967|9160|1848|90128|1661|4733|6277|4779|1439|660|1787|7452|84822|98912|15664|5719|4263|2389|1951|3144|2165|127544|2922|2528|91275|18559|2929|46944|138287|9483|14447|3850|7393|4266|6319
A|WT|14|0014 / pck1^ 2.4|pck1^|30275|678|3406|622|981|431|2085|1901|191|1983|2717|2414|1225|1414|46891|6014|562|25481|2632|672|33947|1348|44777|11587|9238|7675|3202|26478|16145|38372|2581|3185|1638|899|2338|28583|2887|1121|1439|3029|3455|4160|1373|1776|853|9133|13712|2201|3429|1728|2391|2457|6961|6363|3453|70248|1825|5350|5259|3404|1633|1691|1741|7583|64237|79133|13747|3283|3734|2586|1819|3181|2385|106399|1711|3479|73356|14865|2604|35976|107078|7822|12518|3170|5731|4448|4696
A|WT|15|0015 / pck1^ 2.4|pck1^|34858|1257|4116|2149|1629|891|2004|1572|1246|2704|2908|4282|2094|917|55687|5997|717|35602|2678|526|49702|1152|58461|14137|14470|7071|4857|36083|21547|62750|2337|4559|584|916|3923|42735|3158|1825|114|1151|832|5248|883|1441|702|11753|18065|1230|5067|3128|3802|2585|10001|6997|1505|87208|1313|5597|6234|5857|1362|1761|2779|8088|84750|103045|14492|5346|3534|3254|1078|3515|2249|126284|3056|3976|85368|17731|3467|41368|132745|10627|14631|4577|8116|3130|6239
A|WT|16|0016 / pck1^ 2.4|pck1^|28558|1054|2945|1751|1801|1048|2953|1082|479|1415|3040|2657|1052|836|38726|5589|540|25958|1898|897|32343|2283|44874|8065|5477|5960|2424|22686|17115|37895|2785|3855|1417|1350|736|24731|3855|1753|1836|3029|3683|4949|882|2130|1100|7127|13596|5119|5364|4471|1806|1626|8314|5527|2437|68791|944|4445|5424|6383|1946|1293|2457|6730|62097|77589|10968|3937|3324|2995|1368|2338|2368|103764|2988|3458|73503|13974|1732|30095|97219|6782|11045|2327|4296|3318|5083
A|WT|17|0017 / pck1^ 2.4|pck1^|36375|1359|3850|994|1832|942|2658|499|1438|2438|3063|2986|2705|1377|53177|5550|921|35397|1342|1132|41808|706|47157|13398|15227|6249|4714|33923|20286|47280|2752|4968|1028|1006|3635|37098|3341|1264|1776|1786|3226|4355|1056|877|1066|10759|14755|1901|3455|1117|3556|1661|9322|7074|2267|89224|1822|4431|7247|4289|1831|1336|1973|8617|80384|100808|13927|4154|2926|3747|771|2436|1033|120754|2219|3077|85457|16093|3369|44685|131591|9903|15289|3639|8087|3562|6456
A|WT|18|0018 / pck1^ 2.4|pck1^|31684|1724|3086|1168|1584|640|3578|1365|1072|1691|2133|2975|2183|1068|44390|5148|974|30290|1310|398|29803|1515|41815|13230|11782|7365|2760|23813|15056|44303|2830|4496|2044|1803|1570|30331|1721|1503|765|2913|2122|4013|1517|1256|1125|9609|15565|3086|4589|2728|3343|2471|7732|5451|3314|69838|737|5225|6130|5479|562|2216|2178|8812|68510|88348|13883|4906|3764|3761|835|2759|1810|112420|4354|3444|83823|13971|2915|40911|118780|7250|14697|3433|6098|3451|7039
A|WT|19|0019 / pck1^ 2.4|pck1^|25583|633|1624|1169|1728|297|2141|587|1170|638|1004|2737|529|1188|37211|6122|352|23792|1234|1215|18625|823|28282|10012|6969|7788|2888|18812|10194|30562|1905|3059|888|1563|1690|20386|2302|1757|1200|2241|4538|2399|391|1376|642|10910|9759|1581|3664|4350|2897|1964|5693|4299|2908|63690|773|4415|5390|3220|825|1813|1304|7638|59963|92290|12801|4371|3293|2317|1764|2153|1793|115355|2304|3411|71480|14136|2486|41376|133155|10988|15046|4318|5020|4279|5277
A|WT|20|0020 / pck1^ 2.4|pck1^|24293|492|3396|1198|1207|937|1089|156|488|1452|1646|2515|853|1362|30156|3880|530|19474|1250|809|20052|659|26627|9036|7827|5215|742|15906|10205|25042|1322|2595|816|830|1602|14629|2276|993|698|3258|3180|2994|471|1203|655|6147|10809|2397|3759|2040|2474|2736|5938|4894|3065|55249|1238|4142|4807|2751|781|1545|1578|7363|51562|74970|10503|3896|2587|2890|1935|2366|1352|100394|2307|3486|64199|13413|1894|32940|99948|7502|15427|2868|5579|3242|4439
A|WT|31|0031 / pck1^ 1.2|pck1^|76258|1407|4878|1716|3546|1306|3072|1806|2016|1509|2011|6522|922|2703|54862|8087|1011|45671|2591|484|40215|2496|53320|14104|6450|5272|2159|46935|64507|91987|2020|6051|631|1643|4138|40954|2722|1819|1094|2974|492|2786|617|2025|1157|14893|26862|913|4814|1627|3101|2706|13591|3924|2470|64410|717|6868|7986|3965|1233|1543|4224|5509|81331|28893|4237|2816|1771|6082|1999|2623|2546|95272|4095|3516|133754|25861|19133|46258|71758|9457|6463|3082|4034|3147|6389
A|WT|32|0032 / pck1^ 1.2|pck1^|162776|4492|15703|4045|5623|2761|7750|5093|5663|9821|23931|16554|10184|9472|195560|20155|7514|166746|8210|2440|161869|2605|202274|85055|91490|14222|7791|154953|232523|507437|16912|14298|2850|3071|4033|143337|6190|2966|2174|3957|2742|9529|2245|4887|2799|29833|63178|695|6882|3141|7428|2814|29847|6491|3003|158958|1492|8933|13571|4328|2724|2300|1745|10343|163072|51773|8721|4515|2572|6739|3176|3853|2055|173824|8821|4272|229173|40637|24854|72155|95326|13392|10012|4468|6682|4371|8872
A|WT|33|0033 / pck1^ 1.2|pck1^|136340|4415|13878|4127|4381|2878|8006|4330|5275|11244|25178|20226|12445|9727|185493|24533|4920|161888|6559|1940|154003|2415|193917|84525|87757|15214|6870|141275|222012|505810|16975|12444|3299|4791|4491|134087|6005|3145|2015|4206|1695|8791|2340|4350|2069|26545|56836|1338|6591|3400|6045|2966|27776|4989|2588|153584|1483|8966|13386|3781|2723|2162|2845|10618|155565|48651|6422|4133|3525|6047|1768|2298|2642|157743|8059|4394|194915|31428|24155|67182|94922|12670|9225|2909|7346|3987|6550
A|WT|34|0034 / pck1^ 1.2|pck1^|75642|2787|6332|2525|3374|1704|4379|1969|2086|3790|9304|9275|3652|2786|72469|11191|1667|69592|4209|2335|66460|1606|102053|26389|19321|5802|3532|66111|126480|174745|5246|7548|2006|2782|2832|67602|3681|2100|620|2580|4424|4917|1675|3594|1529|17203|34381|1419|4046|3366|4134|1938|17353|3017|1848|84920|858|7303|8181|2565|1235|1647|1611|7106|107383|33195|5578|2100|2842|5167|1492|2704|2279|114504|6761|3627|165493|28109|19303|55179|72450|9847|7006|3379|5375|3492|5426
A|WT|35|0035 / pck1^ 1.2|pck1^|64252|1699|1970|683|2339|905|2709|1695|1299|2614|1950|5580|649|1465|49717|10594|591|39016|1220|1743|29516|2122|52269|12028|5236|4526|2252|38364|62915|71025|2990|5353|1984|1153|1930|34849|3916|1445|2312|3021|1999|3083|1346|2283|579|11760|24429|1032|4793|3129|2796|2760|11191|4780|1577|63134|1297|4862|6505|2988|1771|3217|2481|5904|81460|29737|4242|3035|2727|4523|1685|2835|1969|87906|5673|2431|131962|21252|18493|44748|67018|8662|6512|3428|5506|1925|5804
A|WT|36|0036 / pck1^ 1.2|pck1^|51118|1348|3247|1148|2758|700|2697|1170|727|843|2089|5077|1023|2412|33897|6360|427|29145|316|919|19761|340|37827|8784|3220|3822|1217|23304|41977|43105|2478|4039|778|649|2194|18955|2727|1574|2549|3325|2688|1566|375|1285|1017|9790|16469|2914|3605|435|2950|2147|9296|2770|1910|44409|502|5548|5951|1707|1848|2990|2655|5329|57874|22639|4531|2116|1682|4002|1997|2800|1330|73751|3374|2746|112863|18901|16548|40354|56646|8178|5760|2532|3897|2799|4405
A|WT|37|0037 / pck1^ 1.2|pck1^|65005|1300|4826|2862|2868|918|4107|2047|722|1870|8241|7306|785|1187|51357|9916|2067|47013|2287|812|42674|1734|81614|14244|9761|4321|1980|41891|107063|88389|2690|5792|1420|2570|2615|44478|2131|1689|1654|2443|1540|3109|922|3126|1487|14255|27204|1794|4836|2700|3386|2782|13538|5172|1858|72516|893|7575|7953|3239|1757|1578|1922|7259|85107|30421|4329|3365|2385|4016|1272|3857|2344|105976|5927|4062|146695|25524|18908|48576|67815|8427|8130|2877|4980|2444|4679
A|WT|38|0038 / pck1^ 1.2|pck1^|45247|1242|4769|1698|1345|1218|3179|2086|851|3086|4779|6120|1251|1304|38036|11496|1309|37018|1631|980|34980|1009|50957|11891|5665|4321|3467|33584|66407|77355|4879|5798|1516|1685|1061|27623|2600|868|938|3749|3442|2243|773|2138|914|10054|18912|286|4940|3714|2040|1568|10767|2458|3450|52766|1946|6481|4747|3269|1719|1222|2162|5870|57390|24633|4403|2334|1734|3730|1370|3073|1943|75599|4457|3290|99351|19415|12292|30664|49871|5970|5760|3044|3782|1931|3296
A|WT|39|0039 / pck1^ 1.2|pck1^|56138|1463|2568|1166|2383|789|3254|1177|1105|1766|2197|5298|673|1774|39707|5800|840|32069|1382|405|24723|1171|41436|11029|4062|2524|2782|26661|54692|51998|2165|3989|985|1383|1691|24191|3490|911|77|1527|1766|2789|784|1756|523|10248|18981|875|3899|3292|3018|1532|9199|4921|2630|53618|1044|5986|5819|2486|1816|1731|2341|5059|67871|25802|3275|2687|3695|4049|2626|2605|2084|78478|4554|2865|107789|18317|15731|38646|62182|8305|6174|2760|5500|3533|4494
A|WT|40|0040 / pck1^ 1.2|pck1^|63670|1063|4438|1991|1930|938|3054|1826|1114|857|3157|6156|1467|1934|51218|6600|707|42384|1646|89|33221|745|59146|11029|6986|4222|3252|39631|68147|74289|2052|4630|1685|1926|1613|35117|1722|653|1836|2196|1|3319|1729|4183|841|12521|27461|438|5546|1529|4304|1530|12374|3302|2759|65553|1965|6788|5927|3391|1206|3581|2919|5602|78335|30856|4484|2187|3765|4804|1550|2380|1819|92402|6099|2209|128796|21757|18604|44907|66995|6967|6755|2864|6000|4197|4034
A|WT|61|0061 / pck1^ 1.3|pck1^|75168|1701|4508|1120|2419|1590|1005|1070|478|1714|3045|4262|1668|1056|53437|5131|795|32449|2535|825|49190|950|52445|14154|11181|8183|2335|31954|20157|59647|2625|4104|1336|1149|1218|34629|2738|596|1160|2627|2208|4607|804|1437|919|7133|22423|2269|5729|1691|2870|2305|11904|4954|2370|102325|928|5523|6909|6813|1504|1921|1295|10340|82684|136806|16675|6703|4746|3758|2509|2220|2531|137140|5371|3839|79911|19510|18033|45840|125905|6261|30444|2613|6484|4025|5680
A|WT|62|0062 / pck1^ 1.3|pck1^|42530|735|3204|435|1699|605|1140|1520|677|1312|1919|1717|1344|639|31067|5254|339|20644|888|107|35226|304|39209|6915|3462|7971|2622|22006|17760|30806|2122|2825|1082|2505|3657|17664|2719|1369|670|2001|1303|3911|1004|2505|212|4265|14377|673|3740|2159|2352|2889|9475|4440|2123|70607|1693|5253|6212|4940|1457|1307|1501|8654|47813|95078|13037|5379|2797|4007|2226|1456|1548|85295|3078|3933|53761|12253|13105|28553|87919|5204|21963|2175|3905|3076|3991
A|WT|63|0063 / pck1^ 1.3|pck1^|84801|983|3862|1832|1846|1566|1392|833|737|1382|2263|3540|1763|464|50514|5104|435|32944|2512|540|40923|1430|47738|14076|12514|6683|1982|31570|18756|54771|3043|4806|1120|699|1556|37595|3824|796|816|2291|2141|5157|1478|2503|1082|6512|17281|2280|7596|1636|3213|2708|10257|4109|4155|98661|728|6285|6211|5075|1103|1804|2257|10148|82754|132313|18276|5225|3448|3497|1285|2778|2484|125360|4585|3243|66900|15896|20217|45101|130526|7009|32625|3630|7747|4481|6573
A|WT|64|0064 / pck1^ 1.3|pck1^|65095|1219|3262|790|1054|1429|1647|838|759|2114|2049|4171|1681|588|41830|4172|440|31340|1638|293|40881|282|54026|10838|5667|7192|2229|29750|19478|44770|2892|3540|1633|3285|1400|27842|3010|2156|1202|1539|4425|3902|946|2780|1149|6441|16610|3192|3614|2129|3197|2028|9988|4776|2906|89093|1537|5876|6959|3823|1880|1939|1612|9022|66779|111575|17305|8248|2361|2973|1080|2985|1803|117095|5587|5016|62697|16970|16000|34440|108738|5974|26770|2282|5299|3012|4451
A|WT|65|0065 / pck1^ 1.3|pck1^|85609|1230|5200|596|3094|2166|1405|1507|2043|1726|3424|2039|2674|1107|57293|4863|622|38618|2884|459|58621|829|61912|15713|12930|6128|2624|41082|21707|67786|4148|6612|2148|1428|2773|37812|2734|1306|1691|2737|1567|5288|685|1587|818|7654|22904|1528|4359|4861|3364|3042|10341|5034|2595|110210|938|5102|6484|5172|2124|1973|1734|10052|83251|132813|16689|7488|3715|3642|2190|3416|2807|130209|5124|3588|70161|15816|20183|44048|127181|6825|33074|3558|7171|5141|5935
A|WT|66|0066 / pck1^ 1.3|pck1^|71455|1201|3952|1652|2927|1461|1065|1174|363|2739|2203|2938|1168|1186|48144|4905|675|31500|2406|634|52026|1324|62645|12267|10395|7075|2096|37736|25072|62879|3014|5739|1845|1650|1890|38297|3498|1071|565|3831|1672|4972|556|2558|876|6262|19097|2078|6794|1573|3058|2097|9577|6335|2678|101574|733|4795|6361|3931|2118|2085|1968|8507|77926|116286|17115|7433|4036|3861|2046|2165|2432|124186|4997|3419|67468|13810|16668|40822|116117|6841|30331|1675|6487|4489|5473
A|WT|67|0067 / pck1^ 1.3|pck1^|73861|814|4963|1058|1790|1621|931|1446|1059|1409|1894|3000|993|872|53135|4884|716|32142|3202|1556|53592|839|61415|13377|8696|8199|1502|34887|22032|68604|3424|3533|2607|1294|2199|36811|3203|959|2068|3728|3457|7169|874|2020|211|7238|19056|783|4382|3072|3709|1689|10732|6550|1928|99499|1819|6486|6585|5097|1679|2281|2410|10506|79491|127076|18955|6892|2914|3274|2179|2452|3094|121091|6756|3250|63348|13904|16898|38014|120791|5946|28674|2238|5383|3901|5638
A|WT|68|0068 / pck1^ 1.3|pck1^|80421|1135|5302|1839|2680|864|2328|1315|2291|1768|2853|3619|1141|677|53083|3998|838|30679|1979|856|44268|910|56707|12558|12628|8725|3919|34548|20705|60997|2996|4200|1193|1593|4188|37509|3253|2595|29|2243|1492|4154|601|2163|670|6810|21216|1061|5486|3370|4033|1394|9453|5187|2941|95705|1509|6149|6877|4221|1153|1787|1833|10371|81123|124202|17564|6534|2535|3271|2083|2643|1751|132294|5892|2464|68403|15844|19092|38935|126944|6873|27606|3563|7095|3630|5793
A|WT|69|0069 / pck1^ 1.3|pck1^|84805|748|4481|2208|2160|1708|1428|408|770|1438|1870|3206|1678|1276|51003|4011|923|36805|1909|1069|50767|576|63050|16022|12218|7999|4068|33323|23464|61177|3531|4995|801|2610|1932|36944|2254|1519|1503|2750|1054|5616|1069|2564|711|6826|24881|945|4405|3510|4272|2512|12004|5834|2764|105474|1795|4337|6512|4894|1214|2979|1889|10591|77125|137953|17801|7115|3988|2604|2067|3069|1922|132926|4181|2683|62536|14766|18229|42115|127161|7972|31669|2520|7597|3413|6044
A|WT|70|0070 / pck1^ 1.3|pck1^|25784|612|2045|748|778|944|1036|427|852|1650|4126|2383|934|486|25341|5275|531|17890|1676|1557|31613|1579|49326|6713|5712|4892|1124|17861|19369|28498|2221|2589|134|2974|4325|18454|1870|939|711|1726|1571|5571|1328|2514|756|3389|8499|1009|4084|3000|1098|2006|7732|3501|2519|50838|587|3949|4673|4598|988|1984|1935|8054|39861|70051|10703|4357|1763|3340|2433|2935|2025|72109|1921|2986|41563|8553|8990|18784|64335|4742|15370|2338|2944|1666|2211
A|WT|261|0261 / pck1^ 1.1|pck1^|87347|1586|5188|2270|3945|1543|4977|2772|721|2838|2154|9603|1750|2015|62610|13247|1592|60635|2055|1116|55218|860|77698|19730|7900|6263|2844|55413|92110|132834|3446|4195|1771|1468|2801|47155|3291|1841|2885|3309|960|3081|476|1985|1824|15915|31799|2228|3436|3257|3815|2530|16282|3240|1780|71416|1521|5703|8890|1676|1832|3042|2807|6549|96569|30454|4101|2890|2720|4472|2478|2954|1782|97058|5024|4136|155917|27415|19573|48475|66073|7629|6665|3057|5109|3276|5834
A|WT|262|0262 / pck1^ 1.1|pck1^|70337|1754|3601|2387|2894|790|3990|1663|1205|1731|2193|7737|671|2442|48799|9798|893|44325|2011|1147|38923|466|56645|13425|5516|3577|2240|36793|76493|79067|2505|4335|738|2265|3136|33679|3279|1151|1640|2543|1825|2864|752|1459|1158|13773|25401|1874|5671|1958|3328|3027|13863|4325|2014|62559|597|7246|7495|2681|1917|1910|1669|5333|78359|25257|3172|3114|3097|3135|2171|2415|1489|85139|4346|2838|134790|23672|19771|44415|61011|6888|5415|2216|4589|3604|5047
A|WT|263|0263 / pck1^ 1.1|pck1^|86822|2297|6631|2241|3196|1748|5012|2126|1047|2003|1902|7975|1181|2261|58507|8884|697|52977|2262|1498|51909|1186|67212|17470|5743|4103|5056|55960|78973|115513|4408|6220|2394|1512|2975|40405|4848|1031|1386|1793|2212|3774|1173|1382|972|16142|27317|1715|2364|1656|3650|1920|12586|3909|3331|76218|905|7679|7049|1783|1829|4091|2790|6807|91387|29244|4629|1983|1753|4170|4631|2737|1203|90276|5283|4178|138295|25677|18492|52659|69057|8467|5888|2175|6244|3572|6066
A|WT|264|0264 / pck1^ 1.1|pck1^|81887|1740|4571|2758|3572|696|4595|1559|1995|2972|1798|8102|1510|1890|58216|13680|1405|56917|2420|1179|47370|681|73651|17232|7088|5169|4051|52584|87252|114498|4038|5444|1928|1281|3171|48877|3676|1334|1806|2999|2514|3498|900|2112|899|16660|33035|1611|4209|2675|3608|2779|13460|5510|3527|73229|984|8460|8331|3798|1782|2560|3351|6187|89597|31556|4633|2476|2498|4532|3083|3756|1648|97889|5544|2681|148227|29739|17655|46892|67406|8372|6771|1844|5364|3272|5481
A|WT|265|0265 / pck1^ 1.1|pck1^|92952|1828|5251|2830|3518|665|5314|1496|1506|4380|2987|9586|593|2735|61767|11658|1755|58622|2159|1980|62722|2351|83213|18492|8591|5457|2918|54348|101156|129846|3350|5334|1478|2314|2840|55093|3668|2015|1148|5107|1643|4601|1233|3132|1459|16968|30427|2423|5362|2958|4639|1612|18538|4473|3488|83350|1556|8031|8256|3128|2688|2522|2697|6111|98740|33106|5675|3747|2888|4899|3027|2342|2010|100461|6433|3071|151530|24528|21523|48324|74235|8047|7600|2664|4232|3712|4987
A|WT|266|0266 / pck1^ 1.1|pck1^|87532|2180|4051|2419|2802|1227|4017|2375|2468|2920|1802|7830|940|1986|60956|10820|1190|60893|1876|1621|57216|1304|82469|19439|8261|6981|3501|52678|100580|132888|3912|4772|1795|1175|2126|60117|3639|1587|2204|1987|1170|3488|1426|2587|1660|17188|32110|2742|4438|3176|3278|1532|15440|3684|1743|74816|547|7658|8912|3789|2061|2096|2696|6680|90441|32790|4882|2220|2599|5361|1484|3702|1944|98420|6530|4070|151409|25098|21079|51518|68923|9384|7817|2955|6193|2424|6400
A|WT|267|0267 / pck1^ 1.1|pck1^|69318|1902|3022|2842|3796|755|3732|1587|1505|2670|2738|6427|1639|831|48824|10040|1024|45056|2138|441|38766|1329|53682|12091|4490|4635|1973|37877|77520|90039|3966|4233|2302|1685|2461|28842|3859|2336|2244|1587|2240|4075|1074|3002|1052|13342|23416|2556|3340|4779|3857|2061|10282|3093|2052|59827|1315|5507|8122|3990|2468|1274|1918|6573|71101|25567|3797|3036|2306|4568|1576|3838|1458|78572|5698|2084|104449|18592|16823|37291|58874|7814|4246|2437|4113|2260|4132
A|WT|268|0268 / pck1^ 1.1|pck1^|83515|2009|4013|2803|3343|1341|4494|1508|949|3436|1639|7945|2388|1747|54506|9305|856|55826|2736|1183|50829|970|72801|18631|7829|5709|3199|48456|96151|111561|3030|4690|2285|3371|3006|45609|3840|1673|808|3173|91|4124|1254|2498|1297|16188|28485|1077|5452|1844|3185|2193|14230|4316|2582|73693|1903|8095|8370|4325|2174|2164|3235|6768|91895|29797|5380|2275|2668|3600|2643|2547|2116|94721|5897|3654|141895|26273|20481|48798|70360|8163|6927|3870|4747|3746|5028
A|WT|269|0269 / pck1^ 1.1|pck1^|89927|1455|5936|1737|2797|843|4533|1779|1162|3138|2797|8413|2280|2859|61728|10778|1347|59077|2456|1232|54034|866|75778|14695|7178|4377|3795|52429|96906|123404|3408|6516|2551|1132|2351|50593|3118|1346|398|2478|1677|3874|812|1930|959|17126|27267|1094|4570|2950|3142|1754|14146|4621|2919|76887|726|8081|9322|4569|1511|2634|2529|7628|100012|30196|5893|2629|2282|5334|1888|3176|2025|100876|5975|3419|135815|27661|21099|48764|73769|8083|6466|2368|5298|3281|6091
A|WT|270|0270 / pck1^ 1.1|pck1^|66789|2365|3677|2614|1492|1352|3063|916|345|2072|1617|6693|401|1177|42345|11465|532|42297|1531|352|37480|1649|54590|11051|3337|5082|2944|34552|73663|77834|2341|4095|1264|1292|3912|33919|2928|1483|1125|3419|973|3491|1187|2351|1454|12499|20338|1184|5048|2712|2408|1954|11960|3779|1807|58155|570|7605|5744|2664|1275|1637|3311|4850|64765|24917|4153|1840|2148|3944|3248|2402|1792|71063|3904|2902|105313|19779|11564|36921|50176|6092|5740|2625|5446|2782|4338
A|WT|291|0291 / pck1^ 2.2|pck1^|140241|2332|6941|2328|1813|1847|2317|2136|3001|6745|6840|7943|4026|3766|90867|12565|3898|82126|5101|1031|90875|1725|124759|41044|34853|6499|3817|81652|148565|262401|8888|9251|2197|2458|2120|79371|3467|2368|2502|3408|2326|5222|1510|4756|1612|13525|41168|1271|4180|5400|4650|2538|21236|4884|1836|98830|1665|8979|9235|4595|1362|1652|2178|9310|120693|39085|6315|3664|3042|5560|1944|2748|2702|127449|6172|6250|182506|27604|25177|58105|82346|6843|13298|7895|4031|3906|7477
A|WT|292|0292 / pck1^ 2.2|pck1^|181858|3057|8293|3293|2993|1369|3470|2546|4157|6641|4512|10413|5715|6012|108491|11775|4426|90777|4280|2060|98472|1924|144062|47612|35271|8112|3496|93650|177560|315952|10057|8240|1667|2207|4727|91171|5026|2335|1368|3792|1099|4847|823|5601|2405|13842|49681|991|5719|2686|5018|2744|24908|4958|3483|114402|1436|9742|10616|5269|2066|1389|2375|8384|137550|40972|5625|3825|2300|5010|3476|2706|2144|153042|7686|6231|199221|31033|31061|75307|92942|9634|16312|8158|4587|5697|8964
A|WT|293|0293 / pck1^ 2.2|pck1^|247842|2930|15812|3294|4414|3114|5115|2793|4425|10077|7103|12752|6715|7671|168417|17147|5304|152502|7732|3434|148857|2757|188956|88835|62422|10150|7294|145638|219502|509444|15270|13732|2411|3425|5367|116370|6947|2925|2378|3985|3537|6724|1976|4518|3625|20071|67770|1556|6064|2446|8331|3014|31231|5673|3043|161148|1833|13333|13759|3961|1371|2513|3482|11822|169900|49300|9004|4276|2765|5489|1457|3354|2350|159720|8925|5198|211621|31598|35142|77787|106617|10818|18301|9238|5361|4654|9300
A|WT|294|0294 / pck1^ 2.2|pck1^|152962|1929|6218|2369|3197|1730|3112|2142|2703|3745|4329|6432|2638|1266|82285|11143|1924|67477|3548|3317|79741|1483|116314|34622|15237|5670|4292|74647|145128|234317|7258|7513|1906|2493|2470|66278|4072|2717|1445|2819|2188|5361|1241|2986|1056|15909|45348|575|7417|2661|4787|2825|18153|3533|4258|102341|1671|9983|10142|4809|1247|1544|2581|8258|131593|39082|5580|3526|2521|4607|2678|4232|1979|132256|7260|4867|194238|27006|30736|70864|89688|9967|16111|7453|6213|4953|8942
A|WT|295|0295 / pck1^ 2.2|pck1^|163051|880|5206|1903|2267|1824|3197|1601|2210|4260|3582|6714|3599|1669|73607|10648|2083|65762|2967|1814|74428|1343|102627|28833|14451|4502|3847|62272|133170|198383|6017|7430|2405|2917|3193|62425|4381|2117|1209|2944|2143|3698|1293|2673|1429|10266|36816|2089|4584|2586|5512|2753|20917|4866|2437|94776|1227|8267|9401|5709|1347|2719|3753|7223|120241|36123|5993|4382|2292|4551|1633|2334|1573|127134|7073|5676|176708|27038|27759|64110|84016|8708|12736|7705|4815|4285|9174
A|WT|296|0296 / pck1^ 2.2|pck1^|151631|2192|6295|2008|2629|1133|2488|1724|800|5623|3654|7309|2869|2295|69992|11117|1422|61775|3487|1545|64636|1123|103889|27131|11220|5776|3575|62691|132734|176150|4030|5993|1468|2014|4177|57689|4039|2015|847|3278|2115|4064|1524|3601|1772|12869|40263|1759|4914|1604|5051|2554|17799|5522|2730|91574|1336|8186|8703|5983|1710|2532|2755|8195|115817|33973|5739|3301|2714|5313|1162|3785|1855|124407|7206|5334|182125|26708|26176|65657|80465|8145|13284|6595|3614|4884|8929
A|WT|297|0297 / pck1^ 2.2|pck1^|167257|1318|8465|1602|3480|1146|2640|2354|1686|5301|3531|7736|2373|3300|80468|11068|1640|70201|4247|1788|77664|1427|109139|33975|21056|5246|4115|74235|139572|232523|7692|6946|1451|1780|3121|67384|4178|2098|2038|2885|1034|4564|1077|4502|927|10414|43954|1807|6811|2619|5381|1697|19688|5693|2427|101132|1742|8650|9885|5954|1656|1974|2823|7546|122599|37071|6044|3738|3587|4093|1952|2274|1234|131573|7715|5305|176292|25727|30092|65366|86356|9459|14949|6756|5010|4899|8764
A|WT|298|0298 / pck1^ 2.2|pck1^|164328|2388|5914|2491|2754|1166|4455|1562|2177|5257|4515|7412|2757|4117|76858|11268|2267|74147|3387|1763|81397|1715|114611|36279|20637|5914|3094|71825|145757|232322|6651|7568|2724|3633|2127|70576|4236|1738|1322|4113|3311|4339|1511|3379|1133|11340|40055|1141|4421|3447|3960|2675|19270|4145|1881|98497|1639|9773|8561|3991|1607|1498|2945|6816|120960|38349|6265|3452|2846|5171|933|2375|2490|139398|7625|5652|186403|28485|27119|67684|88508|8795|14950|7281|6475|4857|8203
A|WT|299|0299 / pck1^ 2.2|pck1^|105271|2507|4599|1718|1871|826|1437|1832|2017|3016|3298|5737|2114|1516|50536|9789|1208|47261|1494|1946|52924|1318|76278|17891|10428|4441|3656|49145|96577|121939|4764|5657|1232|2883|3608|46412|3048|1519|1539|2794|1901|3978|1327|3672|982|9623|27704|1272|4754|321|3205|1609|13469|3838|2198|66817|1199|7948|6553|5172|1810|1829|1495|5379|83561|28065|4502|2894|2095|4254|1115|2605|1520|89580|5663|3559|127038|17483|22043|45727|61201|7088|9299|6303|3608|3629|5543
A|WT|300|0300 / pck1^ 2.2|pck1^|162356|2363|5051|2030|2321|1798|4234|2178|2026|5307|2971|6061|2585|1375|72121|11032|2154|57532|4011|869|70296|746|96545|29167|14596|4599|3226|65712|131309|174383|4154|6017|1653|2005|2465|60723|5007|3424|251|2336|2442|4382|712|2588|1201|13030|43184|1262|6580|1149|4348|1623|19088|4119|1348|90104|1437|7456|8398|4062|1416|2272|3097|6556|119741|35891|6061|4120|2603|5064|1050|3221|1491|132524|7615|4477|181454|26148|28724|63707|82639|7596|13878|6935|5036|5222|8788
A|WT|591|0591 / pck1^ 2.1|pck1^|163351|3717|13371|3913|3482|3844|4719|3592|4793|9446|7282|12113|11662|8944|158002|19854|7730|138323|8571|2563|143154|1715|177685|79827|81644|10342|5718|126958|211329|436181|15237|11949|2793|4683|3365|112564|5348|2451|1279|5059|3501|7497|2631|3899|2611|15820|54729|1939|4445|3592|6366|2311|30147|5078|2425|127050|1335|10065|14723|5853|2034|2117|1951|11697|151889|39723|6991|4299|1982|5788|2115|3208|1976|143113|7046|4969|194503|26099|28738|61009|87085|8936|12083|7351|4033|4017|8480
A|WT|592|0592 / pck1^ 2.1|pck1^|202840|3595|11154|3014|3524|2527|3863|2752|4364|6268|4579|9820|7089|5090|142731|14610|4701|126758|6015|2265|123211|1853|177348|69326|61181|8739|5160|119166|218896|407664|11485|12313|2704|5046|4254|99752|4756|1441|1456|3225|1093|7211|1627|5217|1700|16333|60663|1206|5688|3418|6456|3170|28160|5691|3459|130483|1795|11287|12231|6130|2152|2228|2861|10798|159525|44375|7104|4145|2471|8196|1502|3756|2758|161387|8216|4084|242098|31978|36173|76179|100625|11260|15954|8032|5933|4519|9024
A|WT|593|0593 / pck1^ 2.1|pck1^|135568|3245|8676|3350|3228|1953|1827|2518|3200|8328|3547|8671|5459|5595|117062|14379|4285|95319|4423|1413|95145|2089|129749|55864|51156|8669|3106|99826|160817|331482|11937|9097|2194|3585|4095|89439|4680|1948|1918|3744|3339|5684|2436|3062|2108|11608|39587|1463|5501|1179|5033|2474|21567|4029|2220|93851|1117|7971|11425|4493|1672|2127|1794|7379|123292|31728|5454|3459|2375|5142|1725|3199|2070|115159|5948|3968|159095|22230|23568|51338|76106|7383|12385|6886|4685|4271|6318
A|WT|594|0594 / pck1^ 2.1|pck1^|169068|2857|9424|3107|3047|2714|3747|2771|3542|7366|3914|9919|6179|4244|115818|13100|4231|103761|5565|2371|103303|1902|157819|53184|48114|7718|4707|107418|174889|349486|10787|11996|3224|3265|2961|96012|5422|2738|1381|4563|2445|6712|1539|4651|1178|16158|51491|1357|5173|2117|6292|1926|23709|4532|2103|110500|1711|9936|12019|3986|1939|2077|2443|7918|154651|42086|6817|4375|2809|6475|1739|3349|1960|157899|8039|4159|227662|30483|34789|70080|97627|8818|14856|8008|4380|5246|9840
A|WT|595|0595 / pck1^ 2.1|pck1^|155388|2349|8203|2665|2540|1891|2761|2239|2963|6897|5219|9298|5086|3603|99781|13356|3185|92578|5286|1551|86832|1568|141010|43691|44536|7269|4616|88258|165544|296060|11568|7572|1326|4173|2872|83293|4916|1980|1288|3891|530|5898|1167|4849|1668|14258|44164|2155|5707|2470|4451|2454|21052|5043|2476|103289|1089|7584|11239|4514|1764|2130|1472|8256|131958|35463|4853|5114|1911|6453|2589|1900|2946|144410|5393|5658|187236|29192|30641|60242|81884|8023|12500|6490|4158|5028|8822
A|WT|596|0596 / pck1^ 2.1|pck1^|174711|1770|10014|3188|3010|1971|3172|2422|2634|6276|3899|8424|5399|3802|111521|10404|4502|95662|6089|2383|102199|2697|155612|51979|45921|6519|5004|95826|181534|330734|11351|10480|2631|2537|2910|91380|4720|1980|1546|3549|1585|6708|1896|5893|1603|14916|55176|2054|4362|1519|6432|1821|24213|5127|2034|109502|1464|9016|12145|4789|1646|2218|2840|8652|148881|40349|6180|3742|2672|6946|1828|2862|1975|158325|8132|4432|227732|32819|31686|69049|96840|9261|14514|8321|5765|5565|10642
A|WT|597|0597 / pck1^ 2.1|pck1^|161947|3417|11874|2903|3670|2181|2812|2592|3865|7242|5849|8994|6645|6803|138848|15333|5399|118447|5765|1660|121464|2206|177654|70259|65359|10510|6023|128247|197682|420281|15088|12447|1865|5626|3499|109262|5283|2791|2478|3877|2756|6583|1417|4533|2335|16563|49823|1287|5118|2488|6396|1916|26155|5173|3062|124969|1775|10545|13285|5531|1951|2546|2589|10361|154805|41401|6562|4482|3076|6486|2359|3770|1760|156918|6141|5089|219143|32888|30898|69039|92169|9882|13954|8389|4057|3939|9177
A|WT|598|0598 / pck1^ 2.1|pck1^|199406|3690|12514|4687|4144|2996|4994|2433|5856|9815|5933|11889|10113|7715|176082|17599|6229|141492|10063|2043|141967|2490|209152|91637|78615|11798|6111|148408|242579|522414|18415|14296|3534|4347|4310|133287|5868|2644|1445|4791|1023|9548|2276|5998|2300|17796|65940|2330|6841|2641|7536|3115|34571|5867|2808|151050|1879|11176|15184|5169|1599|2812|2713|11933|189619|49897|7370|6391|3270|7030|2054|4180|2604|182945|7890|6800|261241|37146|35418|80606|108780|11136|15345|8644|6292|6001|10635
A|WT|599|0599 / pck1^ 2.1|pck1^|181592|3884|12224|3733|4281|2351|4633|1852|3126|8262|6222|11982|9750|5860|140759|15427|4955|128645|7047|1692|133132|2286|188958|73273|71268|9267|5865|117207|211264|434281|16101|10878|3283|3277|3512|115280|6642|3473|1638|5083|1446|9095|1389|5394|2262|18029|55995|1367|5263|2892|7168|2062|28987|5461|2355|128333|1591|9877|11964|4207|1929|2486|2389|11487|159120|46529|6541|4594|2973|6139|2535|4033|3121|151511|7870|4896|221535|28662|27754|66286|84172|7288|11808|5724|4737|4420|8829
A|WT|600|0600 / pck1^ 2.1|pck1^|162660|3747|12206|1883|3717|2493|4811|2108|4180|9571|7965|13328|7387|8789|166190|18126|6453|146294|6846|2251|138771|2397|224523|83385|87787|9995|7543|134437|257168|478708|17686|13709|2596|5860|3415|130209|5110|2657|2428|3774|1845|9526|2172|8012|2215|18603|63887|871|6013|3404|7482|2870|34134|4784|4108|152522|1517|11341|14815|5013|2691|1855|2250|12073|174384|44991|6512|4489|2567|6330|2440|3894|2697|175393|7252|5859|235615|32021|29077|69105|88870|10151|14500|7248|4658|3258|9024
A|WT|761|0761 / pck1^ 1.4|pck1^|89478|1556|9418|2000|2986|1490|1660|1608|2408|5588|3490|5557|5848|2532|126792|8606|2126|87429|6036|1004|129128|2019|130152|38008|46294|14540|4507|74903|52130|194093|8786|8535|2749|2412|2779|81002|4559|1940|958|4314|940|10975|1219|3719|1794|9778|34150|1377|4478|4723|4452|3738|15621|8511|2717|161063|1845|5773|9180|6522|1752|1900|1776|17516|114435|167854|21563|9335|3109|3372|1599|2376|2999|165914|4470|3460|85724|22184|18154|48057|140233|7132|31364|3169|7946|3373|6062
A|WT|762|0762 / pck1^ 1.4|pck1^|114384|1877|11691|2310|4008|2347|2108|1747|2079|6963|2047|5148|5292|3714|133967|8711|2693|94452|10666|2580|133754|2406|151021|47799|56876|14809|5230|82979|55960|216963|12179|11142|1491|2705|1786|97220|4635|1364|1063|3758|1936|12888|1121|5025|1278|10641|37888|2790|3679|4000|7202|2958|18836|8173|2754|181173|1503|7088|9738|9429|1528|3182|2272|14751|129261|181350|23391|9696|5200|3911|1556|2872|3445|187546|5635|3688|97927|25105|21221|54249|158174|9480|32627|3587|7723|4755|5568
A|WT|763|0763 / pck1^ 1.4|pck1^|98729|2783|14417|1697|3398|2266|2418|2388|2062|7793|3155|4137|7218|4001|132062|7354|2325|90336|9214|1879|130258|1475|149504|46079|56282|14540|5239|82164|48988|220848|11328|10810|2850|3877|2954|95110|4966|3097|1706|3348|962|11832|966|4041|1619|9061|34349|2575|5014|1926|6274|3214|18522|6792|2556|166017|1619|7337|9923|6101|565|3073|1901|14226|124942|168951|22972|10549|3949|4191|2452|2819|2671|177637|5559|4158|84079|24273|20679|50915|140234|9260|30063|2748|7028|3709|6294
A|WT|764|0764 / pck1^ 1.4|pck1^|118566|3003|13553|3203|4221|2307|2743|2226|2012|5320|3025|7064|6042|3630|161738|7840|3888|104661|9245|1724|142147|1491|167191|55136|60346|14479|4469|95548|52051|264149|11409|11479|2122|6184|2164|99306|5663|2912|1160|3892|1544|12873|1557|4395|1839|11882|44643|1777|6136|2113|5434|3556|19645|10102|2220|193809|1694|7153|11159|8285|2817|2490|2212|19063|142908|186152|24148|9806|4487|4790|2129|3598|3380|193889|7223|3278|91401|21558|22852|55465|162084|9154|35971|2944|7785|5137|5903
A|WT|765|0765 / pck1^ 1.4|pck1^|95318|1700|9732|2533|2794|2456|2298|2042|2349|4852|1135|4704|5052|3373|112077|5526|1691|74242|8269|1468|113651|1711|128331|34961|37410|11944|4525|78064|42309|177224|11549|8358|1939|3209|2185|83166|4748|1922|838|4193|2041|11589|1788|3783|1458|8613|35572|1079|3697|3770|5105|2732|16682|8764|2377|163788|1823|6125|6952|5225|1503|2084|2022|12741|123546|171187|23775|8878|3234|4125|2206|2662|3740|171429|5941|3917|80632|20490|19502|48401|138430|8213|31897|2376|7785|3998|5811
A|WT|766|0766 / pck1^ 1.4|pck1^|57582|1444|7303|2783|2049|1630|1101|1797|1063|4247|2228|4130|2218|2055|74900|8290|1462|56939|3373|622|83823|1374|102529|20678|19703|11732|3506|47396|35298|109356|5335|5945|2164|2126|1288|50233|2522|907|2012|3714|1807|6425|914|3497|734|4194|23337|2136|5132|3078|3390|2649|11882|6473|3041|107618|1304|3625|6395|5392|1020|2104|1604|10736|77652|126112|16164|7218|2547|4484|2990|2495|2420|126960|3920|3105|58097|13989|14490|32260|100564|5952|24338|2332|6009|3016|3665
A|WT|767|0767 / pck1^ 1.4|pck1^|105760|2175|9481|1830|3897|1718|1946|1856|2290|6080|1881|4546|5706|2951|130195|7658|1644|86592|6333|1714|121451|1970|139632|42293|50633|15367|3037|83952|45714|217439|10452|10402|1483|3718|2740|88736|4712|3769|1324|3454|329|12046|1532|2822|1587|10363|37819|919|3730|2870|6113|2711|20825|5629|2430|157207|1909|5600|8458|6214|1311|1738|1389|13959|122253|170051|24263|9649|3915|3566|1264|2895|2632|173471|6180|3805|82017|19481|19856|46100|145578|10044|32277|3724|7613|3377|6175
A|WT|768|0768 / pck1^ 1.4|pck1^|86310|1800|9244|2090|2730|1807|2109|2637|1299|4313|1718|4821|5273|3233|112040|6079|1213|72932|6676|1400|105979|1064|129326|32837|41580|12692|6325|71983|41702|171559|10721|8933|2131|3144|1439|81289|6378|1715|1221|3816|1409|9809|1818|4189|1327|8269|38058|1049|4625|3191|3500|2452|17855|8012|2721|147287|1380|5870|6734|5301|972|1739|1873|13202|115095|152226|20773|8088|4480|3607|1815|3183|3274|163117|6122|4019|76438|20044|22767|51197|135142|7491|29356|3669|8227|2979|5478
A|WT|769|0769 / pck1^ 1.4|pck1^|93965|1533|10696|2256|2744|2211|1969|1130|1845|6222|2158|4631|4285|2307|112433|6193|2054|73382|6214|2227|113928|1263|127902|35107|39485|13909|5655|73995|41149|184732|7435|7952|2185|3026|2776|84419|3455|2495|312|4352|1317|11020|1203|4249|1943|9991|31640|1642|5159|3218|5173|2587|15280|8044|2722|160614|818|5523|7617|5869|1651|2871|2267|13556|117704|174852|19958|10748|4074|4006|1499|2027|2826|166507|5722|3498|77062|20854|22242|53374|145046|9309|30551|3296|7945|4787|6160
A|WT|770|0770 / pck1^ 1.4|pck1^|91965|2195|15360|2976|3235|2219|1568|2768|2690|6117|3199|5203|5629|3223|147675|7731|2506|93294|8688|2790|139653|2512|151583|44212|47894|16713|5344|86367|52954|212867|13254|8570|2636|2469|2673|88215|4889|3901|1736|3932|1712|12152|1357|4391|1856|10443|34213|2034|4786|3583|5828|2221|19491|8875|3187|166682|1475|6495|9760|7429|1948|2736|2561|14488|120698|174646|22213|9015|3435|3917|1788|2173|3467|167806|6704|4726|81418|20027|21603|45162|138858|7990|31144|1772|8256|3623|5132
A|WT|881|0881 / pck1^ 2.3|pck1^|59883|2385|12879|3630|4834|2410|4469|1144|1671|5195|2096|9075|7761|4624|139945|8768|2772|94419|6488|2313|120654|2430|128063|41782|49453|16565|5070|83180|42567|206835|10602|8045|2235|2732|2472|93029|4519|3151|1136|3075|2087|11420|1528|3574|1859|16651|26653|3607|4337|3464|4614|2532|15327|9117|3795|147453|1544|5327|8252|5365|1103|1230|2404|10906|116662|132207|17677|6004|4270|3298|2075|4424|2081|162382|4186|4058|121958|26312|1650|44977|140055|12752|15270|4145|6320|5121|6666
A|WT|882|0882 / pck1^ 2.3|pck1^|65860|2623|15874|2871|3073|1438|4911|2343|2259|6086|1603|8301|5193|4979|142305|7978|2528|105271|7612|1416|129592|1535|140850|48242|56064|14939|5583|79404|47471|208794|12583|9292|2905|4167|1983|91582|4784|2260|656|3870|554|8950|1452|4017|1715|17062|30121|2642|2837|2253|5476|3266|18862|8723|2488|144530|1039|4298|7060|5668|1508|693|2318|10615|121621|133464|16128|4957|5099|3496|2845|3599|3485|164916|3698|4384|122917|25379|1682|53254|144255|12059|16612|3679|7097|3943|6190
A|WT|883|0883 / pck1^ 2.3|pck1^|65463|1669|10816|3290|3448|1490|3154|2427|1743|6223|2276|7026|6401|3368|136515|7342|2982|92313|6403|2119|116621|809|124233|38150|49467|14156|3878|76156|42423|199961|10386|7858|2696|2649|3568|85831|4795|1720|2334|3394|136|9529|1731|3175|1566|15285|24687|2814|3294|3098|3920|3039|16432|8131|2192|139943|1100|4203|7957|7537|943|1171|1455|9801|108271|125295|17022|6691|4093|3335|1488|3354|2926|153657|3806|4616|110289|23591|1670|46330|136792|11962|16990|3812|7253|4381|6272
A|WT|884|0884 / pck1^ 2.3|pck1^|64715|1298|12709|3079|4773|3150|2528|1544|1639|5792|1711|6098|5646|2819|139167|8031|2686|90583|5622|1912|118378|1453|121193|37343|44417|14506|6052|81058|40522|190393|12322|9693|862|1646|1566|95031|4823|2681|534|3077|1849|9429|952|3798|1721|16108|22493|2577|3598|2203|4945|2866|15982|7056|2670|139399|1739|5435|8106|5911|1229|522|2175|10371|114810|125673|15901|5872|3835|3704|2483|3216|2373|155637|3042|4155|120083|25243|1784|47013|134293|11735|15626|3254|6014|4225|5124
A|WT|885|0885 / pck1^ 2.3|pck1^|52758|2375|8690|2307|2549|1679|3595|2392|2339|4781|1209|6917|4786|2623|122056|9820|2042|82525|6756|993|102763|2503|121428|37782|45983|14062|5813|76240|40091|191618|11658|8587|3118|2989|3032|85324|4085|2730|860|3423|2173|8943|1416|3762|1337|14855|25720|2483|2350|3837|4339|4019|17383|7418|2614|137707|690|3791|7821|6253|1358|870|2924|11423|113606|125152|15993|5271|4512|3010|1881|3409|2718|154343|2858|4114|108787|24965|1942|47033|140434|12590|18024|3871|6647|3370|6598
A|WT|886|0886 / pck1^ 2.3|pck1^|56120|2198|10344|2160|3583|2092|3392|2634|1620|7275|2627|6582|5514|3573|129264|8292|2121|89293|6566|1667|110727|998|127073|35457|46662|13881|6396|79925|44011|195840|9024|9483|3589|1724|4136|92815|4521|1964|1724|1970|2178|9868|2367|2689|1367|16691|25451|2204|5715|3474|6171|2915|17228|8121|2313|134760|1513|5390|9013|5757|1783|1129|1986|10488|121987|128805|17150|7125|5200|3938|2316|3957|2396|170885|4132|3716|131608|26789|1681|48236|142223|11829|16297|3197|7863|6469|5696
A|WT|887|0887 / pck1^ 2.3|pck1^|60780|1873|11842|2829|3565|1600|4706|2253|2758|7302|1264|7919|6554|4035|139688|8744|2847|89422|6718|1832|115566|1965|124389|37050|46921|15872|5397|78879|40904|198409|10612|9026|994|2893|2284|85716|5166|3317|1337|2859|3867|12469|2530|4208|1504|17756|24370|4207|3434|3757|3905|2951|16541|7532|2587|147032|2054|3877|8257|6523|2285|1114|2312|11219|121131|129235|17358|7308|4914|2822|2086|3354|3059|167876|3980|3782|118795|26296|2111|50753|153180|12195|15362|3823|8341|3617|7129
A|WT|888|0888 / pck1^ 2.3|pck1^|64502|2485|14550|3252|4005|1766|3027|2250|932|6042|1518|8378|5151|3900|140272|7688|2108|91696|7546|2555|127506|981|136928|42813|46754|13955|6026|78931|43603|208550|14155|10333|1233|3322|2089|98467|5577|2302|2935|3658|5005|9737|1330|2633|1872|17816|28632|2900|2788|3535|5155|3266|19431|9091|2117|147274|1804|3393|7784|5727|1760|1028|2660|10908|122461|130928|16374|6955|4261|2652|1559|3132|2770|165884|4180|6204|121765|28206|1714|51385|144860|11071|14974|4835|9861|4152|6566
A|WT|889|0889 / pck1^ 2.3|pck1^|62149|2791|10949|2521|2083|1582|3520|2059|2537|6848|2392|7738|7191|3596|131194|9505|2311|96091|5097|1684|113021|2216|130715|41842|58147|13879|6711|79189|43299|203434|11623|9094|1773|4913|2226|98699|5503|2261|1506|3709|1047|8932|1614|3804|1790|18428|23754|2889|3669|2148|4209|2974|13581|6556|3398|133721|687|5335|6939|5649|1632|882|1588|11415|108571|115896|16914|5029|4390|3145|2365|3008|2914|156455|3942|3994|118248|24851|1158|43616|138153|11520|14933|3082|5991|4240|5900
A|WT|890|0890 / pck1^ 2.3|pck1^|66849|3162|12336|2340|2122|1491|6437|2253|2574|5866|2002|9419|8253|3590|153003|7757|2439|100747|6843|2403|126151|2516|140970|42171|59043|15450|7513|82832|49844|216841|12018|9871|2669|2659|3750|98458|4982|3761|1891|2792|4288|11253|1963|4152|1463|18081|28525|2558|2837|4044|4742|3805|18172|9107|3242|151871|1544|4518|9728|6642|2081|891|1931|13170|120527|134001|18503|8134|4589|3423|1472|3527|2477|182404|3453|4665|126062|25005|2034|48530|148421|12058|18387|4443|6975|3848|7335
